Destrieux-2009,38,G_temporal_middle,432,0.119502075,279,0.077178423,153,0.042323651
Destrieux-2009,37,G_temporal_inf,366,0.101244813,238,0.065836791,128,0.035408022
Destrieux-2009,34,G_temp_sup-Lateral,307,0.084923928,188,0.052005533,119,0.032918396
Destrieux-2009,44,Pole_temporal,201,0.055601660,118,0.032641770,83,0.022959889
Destrieux-2009,15,G_front_middle,198,0.054771784,76,0.021023513,122,0.033748271
Destrieux-2009,21,G_oc-temp_lat-fusifor,172,0.047579530,123,0.034024896,49,0.013554633
Destrieux-2009,23,G_oc-temp_med-Parahip,156,0.043153527,115,0.031811895,41,0.011341632
Destrieux-2009,26,G_pariet_inf-Supramar,153,0.042323651,74,0.020470263,79,0.021853389
Destrieux-2009,24,G_orbital,149,0.041217151,98,0.027109267,51,0.014107884
Destrieux-2009,29,G_precentral,120,0.033195021,49,0.013554633,71,0.019640387
Destrieux-2009,16,G_front_sup,118,0.032641770,21,0.005809129,97,0.026832642
Destrieux-2009,22,G_oc-temp_med-Lingual,106,0.029322268,46,0.012724758,60,0.016597510
Destrieux-2009,25,G_pariet_inf-Angular,100,0.027662517,35,0.009681881,65,0.017980636
Destrieux-2009,19,G_occipital_middle,90,0.024896266,52,0.014384509,38,0.010511757
Destrieux-2009,28,G_postcentral,90,0.024896266,33,0.009128631,57,0.015767635
Destrieux-2009,12,G_front_inf-Opercular,82,0.022683264,37,0.010235131,45,0.012448133
Destrieux-2009,30,G_precuneus,72,0.019917012,30,0.008298755,42,0.011618257
Destrieux-2009,14,G_front_inf-Triangul,71,0.019640387,50,0.013831259,21,0.005809129
Destrieux-2009,2,G_and_S_occipital_inf,64,0.017704011,34,0.009405256,30,0.008298755
Destrieux-2009,43,Pole_occipital,59,0.016320885,17,0.004702628,42,0.011618257
Destrieux-2009,4,G_and_S_subcentral,56,0.015491010,23,0.006362379,33,0.009128631
Destrieux-2009,11,G_cuneus,37,0.010235131,5,0.001383126,32,0.008852006
Destrieux-2009,9,G_cingul-Post-dorsal,30,0.008298755,16,0.004426003,14,0.003872752
Destrieux-2009,27,G_parietal_sup,30,0.008298755,13,0.003596127,17,0.004702628
Destrieux-2009,65,S_orbital-H_Shaped,27,0.007468880,17,0.004702628,10,0.002766252
Destrieux-2009,0,Unknown,26,0.007192254,15,0.004149378,11,0.003042877
Destrieux-2009,20,G_occipital_sup,26,0.007192254,9,0.002489627,17,0.004702628
Destrieux-2009,5,G_and_S_transv_frontopol,23,0.006362379,10,0.002766252,13,0.003596127
Destrieux-2009,13,G_front_inf-Orbital,23,0.006362379,9,0.002489627,14,0.003872752
Destrieux-2009,31,G_rectus,23,0.006362379,11,0.003042877,12,0.003319502
Destrieux-2009,74,S_temporal_sup,22,0.006085754,10,0.002766252,12,0.003319502
Destrieux-2009,51,S_collat_transv_ant,20,0.005532503,13,0.003596127,7,0.001936376
Destrieux-2009,53,S_front_inf,20,0.005532503,6,0.001659751,14,0.003872752
Destrieux-2009,1,G_and_S_frontomargin,16,0.004426003,12,0.003319502,4,0.001106501
Destrieux-2009,36,G_temp_sup-Plan_tempo,13,0.003596127,11,0.003042877,2,0.000553250
Destrieux-2009,10,G_cingul-Post-ventral,11,0.003042877,4,0.001106501,7,0.001936376
Destrieux-2009,3,G_and_S_paracentral,10,0.002766252,0,0.000000000,10,0.002766252
Destrieux-2009,8,G_and_S_cingul-Mid-Post,10,0.002766252,0,0.000000000,10,0.002766252
Destrieux-2009,62,S_oc-temp_med_and_Lingual,8,0.002213001,6,0.001659751,2,0.000553250
Destrieux-2009,7,G_and_S_cingul-Mid-Ant,7,0.001936376,0,0.000000000,7,0.001936376
Destrieux-2009,72,S_subparietal,7,0.001936376,0,0.000000000,7,0.001936376
Destrieux-2009,55,S_front_sup,6,0.001659751,1,0.000276625,5,0.001383126
Destrieux-2009,61,S_oc-temp_lat,6,0.001659751,4,0.001106501,2,0.000553250
Destrieux-2009,73,S_temporal_inf,6,0.001659751,5,0.001383126,1,0.000276625
Destrieux-2009,6,G_and_S_cingul-Ant,5,0.001383126,0,0.000000000,5,0.001383126
Destrieux-2009,54,S_front_middle,5,0.001383126,3,0.000829876,2,0.000553250
Destrieux-2009,68,S_postcentral,5,0.001383126,1,0.000276625,4,0.001106501
Destrieux-2009,42,Medial_wall,4,0.001106501,4,0.001106501,0,0.000000000
Destrieux-2009,69,S_precentral-inf-part,4,0.001106501,1,0.000276625,3,0.000829876
Destrieux-2009,56,S_interm_prim-Jensen,3,0.000829876,1,0.000276625,2,0.000553250
Destrieux-2009,60,S_occipital_ant,3,0.000829876,1,0.000276625,2,0.000553250
Destrieux-2009,64,S_orbital_med-olfact,3,0.000829876,2,0.000553250,1,0.000276625
Destrieux-2009,47,S_cingul-Marginalis,2,0.000553250,0,0.000000000,2,0.000553250
Destrieux-2009,52,S_collat_transv_post,2,0.000553250,0,0.000000000,2,0.000553250
Destrieux-2009,57,S_intrapariet_and_P_trans,2,0.000553250,0,0.000000000,2,0.000553250
Destrieux-2009,58,S_oc_middle_and_Lunatus,2,0.000553250,1,0.000276625,1,0.000276625
Destrieux-2009,59,S_oc_sup_and_transversal,2,0.000553250,0,0.000000000,2,0.000553250
Destrieux-2009,35,G_temp_sup-Plan_polar,1,0.000276625,0,0.000000000,1,0.000276625
Destrieux-2009,45,S_calcarine,1,0.000276625,0,0.000000000,1,0.000276625
Destrieux-2009,66,S_parieto_occipital,1,0.000276625,1,0.000276625,0,0.000000000
Destrieux-2009,67,S_pericallosal,1,0.000276625,0,0.000000000,1,0.000276625
Destrieux-2009,17,G_Ins_lg_and_S_cent_ins,0,0.000000000,0,0.000000000,0,0.000000000
Destrieux-2009,18,G_insular_short,0,0.000000000,0,0.000000000,0,0.000000000
Destrieux-2009,32,G_subcallosal,0,0.000000000,0,0.000000000,0,0.000000000
Destrieux-2009,33,G_temp_sup-G_T_transv,0,0.000000000,0,0.000000000,0,0.000000000
Destrieux-2009,39,Lat_Fis-ant-Horizont,0,0.000000000,0,0.000000000,0,0.000000000
Destrieux-2009,40,Lat_Fis-ant-Vertical,0,0.000000000,0,0.000000000,0,0.000000000
Destrieux-2009,41,Lat_Fis-post,0,0.000000000,0,0.000000000,0,0.000000000
Destrieux-2009,46,S_central,0,0.000000000,0,0.000000000,0,0.000000000
Destrieux-2009,48,S_circular_insula_ant,0,0.000000000,0,0.000000000,0,0.000000000
Destrieux-2009,49,S_circular_insula_inf,0,0.000000000,0,0.000000000,0,0.000000000
Destrieux-2009,50,S_circular_insula_sup,0,0.000000000,0,0.000000000,0,0.000000000
Destrieux-2009,63,S_orbital_lateral,0,0.000000000,0,0.000000000,0,0.000000000
Destrieux-2009,70,S_precentral-sup-part,0,0.000000000,0,0.000000000,0,0.000000000
Destrieux-2009,71,S_suborbital,0,0.000000000,0,0.000000000,0,0.000000000
Destrieux-2009,75,S_temporal_transverse,0,0.000000000,0,0.000000000,0,0.000000000
Desikan-Killiany,15,middletemporal,462,0.127800830,297,0.082157676,165,0.045643154
Desikan-Killiany,9,inferiortemporal,399,0.110373444,263,0.072752420,136,0.037621024
Desikan-Killiany,30,superiortemporal,330,0.091286307,200,0.055325035,130,0.035961272
Desikan-Killiany,7,fusiform,266,0.073582296,185,0.051175657,81,0.022406639
Desikan-Killiany,27,rostralmiddlefrontal,220,0.060857538,97,0.026832642,123,0.034024896
Desikan-Killiany,11,lateraloccipital,174,0.048132780,90,0.024896266,84,0.023236515
Desikan-Killiany,31,supramarginal,171,0.047302905,84,0.023236515,87,0.024066390
Desikan-Killiany,24,precentral,155,0.042876902,60,0.016597510,95,0.026279391
Desikan-Killiany,22,postcentral,140,0.038727524,52,0.014384509,88,0.024343015
Desikan-Killiany,8,inferiorparietal,127,0.035131397,47,0.013001383,80,0.022130014
Desikan-Killiany,28,superiorfrontal,117,0.032365145,28,0.007745505,89,0.024619640
Desikan-Killiany,13,lingual,115,0.031811895,44,0.012171508,71,0.019640387
Desikan-Killiany,12,lateralorbitofrontal,112,0.030982019,71,0.019640387,41,0.011341632
Desikan-Killiany,6,entorhinal,96,0.026556017,69,0.019087137,27,0.007468880
Desikan-Killiany,33,temporalpole,83,0.022959889,40,0.011065007,43,0.011894882
Desikan-Killiany,18,parsopercularis,80,0.022130014,42,0.011618257,38,0.010511757
Desikan-Killiany,25,precuneus,75,0.020746888,29,0.008022130,46,0.012724758
Desikan-Killiany,19,parsorbitalis,71,0.019640387,41,0.011341632,30,0.008298755
Desikan-Killiany,20,parstriangularis,63,0.017427386,44,0.012171508,19,0.005255878
Desikan-Killiany,16,parahippocampal,61,0.016874136,52,0.014384509,9,0.002489627
Desikan-Killiany,29,superiorparietal,58,0.016044260,17,0.004702628,41,0.011341632
Desikan-Killiany,3,caudalmiddlefrontal,49,0.013554633,16,0.004426003,33,0.009128631
Desikan-Killiany,5,cuneus,38,0.010511757,6,0.001659751,32,0.008852006
Desikan-Killiany,10,isthmuscingulate,29,0.008022130,14,0.003872752,15,0.004149378
Desikan-Killiany,14,medialorbitofrontal,28,0.007745505,12,0.003319502,16,0.004426003
Desikan-Killiany,17,paracentral,23,0.006362379,0,0.000000000,23,0.006362379
Desikan-Killiany,23,posteriorcingulate,21,0.005809129,7,0.001936376,14,0.003872752
Desikan-Killiany,32,frontalpole,16,0.004426003,7,0.001936376,9,0.002489627
Desikan-Killiany,0,unknown,10,0.002766252,5,0.001383126,5,0.001383126
Desikan-Killiany,1,bankssts,8,0.002213001,4,0.001106501,4,0.001106501
Desikan-Killiany,2,caudalanteriorcingulate,7,0.001936376,2,0.000553250,5,0.001383126
Desikan-Killiany,21,pericalcarine,6,0.001659751,0,0.000000000,6,0.001659751
Desikan-Killiany,4,corpuscallosum,3,0.000829876,3,0.000829876,0,0.000000000
Desikan-Killiany,26,rostralanteriorcingulate,2,0.000553250,0,0.000000000,2,0.000553250
Desikan-Killiany,34,transversetemporal,0,0.000000000,0,0.000000000,0,0.000000000
Desikan-Killiany,35,insula,0,0.000000000,0,0.000000000,0,0.000000000
Brodmann,29,Brodmann.22,547,0.151313970,377,0.104287690,170,0.047026279
Brodmann,38,Brodmann.20,329,0.091009682,238,0.065836791,91,0.025172891
Brodmann,35,Brodmann.37,275,0.076071923,158,0.043706777,117,0.032365145
Brodmann,32,Brodmann.21,274,0.075795297,167,0.046196404,107,0.029598893
Brodmann,24,Brodmann.19,226,0.062517289,113,0.031258645,113,0.031258645
Brodmann,45,Brodmann.11,212,0.058644537,131,0.036237898,81,0.022406639
Brodmann,33,Brodmann.38,180,0.049792531,91,0.025172891,89,0.024619640
Brodmann,14,Brodmann.40,179,0.049515906,85,0.023513140,94,0.026002766
Brodmann,48,Brodmann.18,129,0.035684647,46,0.012724758,83,0.022959889
Brodmann,4,Brodmann.4,104,0.028769018,30,0.008298755,74,0.020470263
Brodmann,46,Brodmann.46,102,0.028215768,42,0.011618257,60,0.016597510
Brodmann,3,Brodmann.6,92,0.025449516,37,0.010235131,55,0.015214385
Brodmann,43,Brodmann.10,92,0.025449516,43,0.011894882,49,0.013554633
Brodmann,19,Brodmann.39,76,0.021023513,38,0.010511757,38,0.010511757
Brodmann,5,Brodmann.9,74,0.020470263,21,0.005809129,53,0.014661134
Brodmann,10,Brodmann.7,67,0.018533887,36,0.009958506,31,0.008575380
Brodmann,2,Brodmann.8,62,0.017150761,13,0.003596127,49,0.013554633
Brodmann,8,Brodmann.1,62,0.017150761,20,0.005532503,42,0.011618257
Brodmann,0,???,56,0.015491010,24,0.006639004,32,0.008852006
Brodmann,16,Brodmann.45,56,0.015491010,31,0.008575380,25,0.006915629
Brodmann,15,Brodmann.44,50,0.013831259,25,0.006915629,25,0.006915629
Brodmann,20,Brodmann.43,49,0.013554633,13,0.003596127,36,0.009958506
Brodmann,11,Brodmann.2,48,0.013278008,27,0.007468880,21,0.005809129
Brodmann,26,Brodmann.47,44,0.012171508,27,0.007468880,17,0.004702628
Brodmann,47,Brodmann.17,42,0.011618257,9,0.002489627,33,0.009128631
Brodmann,18,Brodmann.23,41,0.011341632,18,0.004979253,23,0.006362379
Brodmann,50,Brodmann.36,33,0.009128631,25,0.006915629,8,0.002213001
Brodmann,12,Brodmann.31,32,0.008852006,11,0.003042877,21,0.005809129
Brodmann,42,Brodmann.24,20,0.005532503,2,0.000553250,18,0.004979253
Brodmann,9,Brodmann.5,17,0.004702628,4,0.001106501,13,0.003596127
Brodmann,41,Brodmann.32,8,0.002213001,5,0.001383126,3,0.000829876
Brodmann,51,Brodmann.35,8,0.002213001,6,0.001659751,2,0.000553250
Brodmann,49,Brodmann.27,7,0.001936376,3,0.000829876,4,0.001106501
Brodmann,53,Brodmann.29,7,0.001936376,2,0.000553250,5,0.001383126
Brodmann,64,MEDIAL.WALL,6,0.001659751,4,0.001106501,2,0.000553250
Brodmann,28,Brodmann.30,4,0.001106501,4,0.001106501,0,0.000000000
Brodmann,54,Brodmann.26,4,0.001106501,2,0.000553250,2,0.000553250
Brodmann,30,Brodmann.42,1,0.000276625,0,0.000000000,1,0.000276625
Brodmann,1,LOBE.FRONTAL,0,0.000000000,0,0.000000000,0,0.000000000
Brodmann,6,LOBE.PARIETAL,0,0.000000000,0,0.000000000,0,0.000000000
Brodmann,7,Brodmann.3,0,0.000000000,0,0.000000000,0,0.000000000
Brodmann,13,LOBE.LIMBIC,0,0.000000000,0,0.000000000,0,0.000000000
Brodmann,17,VISION,0,0.000000000,0,0.000000000,0,0.000000000
Brodmann,21,LOBE.TEMPORAL,0,0.000000000,0,0.000000000,0,0.000000000
Brodmann,22,LOBE.OCCIPITAL,0,0.000000000,0,0.000000000,0,0.000000000
Brodmann,23,Visuotopic.V3A,0,0.000000000,0,0.000000000,0,0.000000000
Brodmann,25,Visuotopic.V3,0,0.000000000,0,0.000000000,0,0.000000000
Brodmann,27,Brodmann.41,0,0.000000000,0,0.000000000,0,0.000000000
Brodmann,31,Visuotopic.V2d,0,0.000000000,0,0.000000000,0,0.000000000
Brodmann,34,Visuotopic.V1d,0,0.000000000,0,0.000000000,0,0.000000000
Brodmann,36,Visuotopic.V1v,0,0.000000000,0,0.000000000,0,0.000000000
Brodmann,37,Visuotopic.V2v,0,0.000000000,0,0.000000000,0,0.000000000
Brodmann,39,Visuotopic.VP,0,0.000000000,0,0.000000000,0,0.000000000
Brodmann,40,Visuotopic.V4v,0,0.000000000,0,0.000000000,0,0.000000000
Brodmann,44,Brodmann.25,0,0.000000000,0,0.000000000,0,0.000000000
Brodmann,52,Brodmann.28,0,0.000000000,0,0.000000000,0,0.000000000
Brodmann,55,COGNITIVE,0,0.000000000,0,0.000000000,0,0.000000000
Brodmann,56,MOTOR,0,0.000000000,0,0.000000000,0,0.000000000
Brodmann,57,SOMATOSENSORY,0,0.000000000,0,0.000000000,0,0.000000000
Brodmann,58,UNKNOWN,0,0.000000000,0,0.000000000,0,0.000000000
Brodmann,59,LANGUAGE,0,0.000000000,0,0.000000000,0,0.000000000
Brodmann,60,AUDITORY,0,0.000000000,0,0.000000000,0,0.000000000
Brodmann,61,CML,0,0.000000000,0,0.000000000,0,0.000000000
Brodmann,62,EMOTION,0,0.000000000,0,0.000000000,0,0.000000000
Brodmann,63,OLFACTORY,0,0.000000000,0,0.000000000,0,0.000000000
Brodmann,65,Visuotopic.V8,0,0.000000000,0,0.000000000,0,0.000000000
Brodmann,66,Visuotopic.MTplus,0,0.000000000,0,0.000000000,0,0.000000000
Brodmann,67,Brodmann.33,0,0.000000000,0,0.000000000,0,0.000000000
Brodmann,68,Visuotopic.V7,0,0.000000000,0,0.000000000,0,0.000000000
Brodmann,69,NonVisuotopic,0,0.000000000,0,0.000000000,0,0.000000000
Brodmann,70,GUSTATORY,0,0.000000000,0,0.000000000,0,0.000000000
Brodmann,71,Visuotopic.LO,0,0.000000000,0,0.000000000,0,0.000000000
Brodmann,72,OngurEtAl_03_13b,0,0.000000000,0,0.000000000,0,0.000000000
Brodmann,73,OngurEtAl_03_13l,0,0.000000000,0,0.000000000,0,0.000000000
Brodmann,74,OngurEtAl_03_13m,0,0.000000000,0,0.000000000,0,0.000000000
Brodmann,75,OngurEtAl_03_14r,0,0.000000000,0,0.000000000,0,0.000000000
Brodmann,76,OngurEtAl_03_10m,0,0.000000000,0,0.000000000,0,0.000000000
Brodmann,77,OngurEtAl_03_25,0,0.000000000,0,0.000000000,0,0.000000000
Brodmann,78,OngurEtAl_03_10r,0,0.000000000,0,0.000000000,0,0.000000000
Brodmann,79,OngurEtAl_03_11m,0,0.000000000,0,0.000000000,0,0.000000000
Brodmann,80,OngurEtAl_03_11l,0,0.000000000,0,0.000000000,0,0.000000000
Brodmann,81,OngurEtAl_03_14c,0,0.000000000,0,0.000000000,0,0.000000000
Brodmann,82,OngurEtAl_03_13a,0,0.000000000,0,0.000000000,0,0.000000000
Brodmann,83,OngurEtAl_03_47r,0,0.000000000,0,0.000000000,0,0.000000000
Brodmann,84,OngurEtAl_03_47m,0,0.000000000,0,0.000000000,0,0.000000000
Brodmann,85,OngurEtAl_03_47l,0,0.000000000,0,0.000000000,0,0.000000000
Brodmann,86,OngurEtAl_03_47s,0,0.000000000,0,0.000000000,0,0.000000000
Brodmann,87,OngurEtAl_03_Iai,0,0.000000000,0,0.000000000,0,0.000000000
Brodmann,88,OngurEtAl_03_Iam,0,0.000000000,0,0.000000000,0,0.000000000
Brodmann,89,OngurEtAl_03_Ial,0,0.000000000,0,0.000000000,0,0.000000000
Brodmann,90,OngurEtAl_03_G,0,0.000000000,0,0.000000000,0,0.000000000
Brodmann,91,OngurEtAl_03_10l,0,0.000000000,0,0.000000000,0,0.000000000
Brodmann,92,OngurEtAl_03_24,0,0.000000000,0,0.000000000,0,0.000000000
Brodmann,93,OngurEtAl_03_10p,0,0.000000000,0,0.000000000,0,0.000000000
Brodmann,94,CON_deeper_than_WS_t_2,0,0.000000000,0,0.000000000,0,0.000000000
Brodmann,95,ASP_deeper,0,0.000000000,0,0.000000000,0,0.000000000
Brodmann,96,LFA_deeper,0,0.000000000,0,0.000000000,0,0.000000000
Brodmann,97,LFA_gyral_thresh_0.25,0,0.000000000,0,0.000000000,0,0.000000000
Brodmann,98,LFA_gyral_thresh_1.0,0,0.000000000,0,0.000000000,0,0.000000000
Brodmann,99,HFA_deeper,0,0.000000000,0,0.000000000,0,0.000000000
Brodmann,100,HFA_gyral,0,0.000000000,0,0.000000000,0,0.000000000
Brodmann,101,CON_deeper_than_WS_t_3_pIPS_Left,0,0.000000000,0,0.000000000,0,0.000000000
Brodmann,102,CON_deeper_than_WS_t_3_CaS_Left,0,0.000000000,0,0.000000000,0,0.000000000
Brodmann,103,CON_deeper_than_WS_t_3_CoS_Left,0,0.000000000,0,0.000000000,0,0.000000000
Brodmann,104,CON_deeper_than_WS_t_3_CiS_Left,0,0.000000000,0,0.000000000,0,0.000000000
Brodmann,105,CON_deeper_than_WS_t_3_SF-front-operc_Left,0,0.000000000,0,0.000000000,0,0.000000000
Brodmann,106,CON_deeper_than_WS_t_3_aIPS_Left,0,0.000000000,0,0.000000000,0,0.000000000
Brodmann,107,CON_deeper_than_WS_t_3_OlfS_Left,0,0.000000000,0,0.000000000,0,0.000000000
Brodmann,108,CON_deeper_than_WS_t_2_CiS_Left,0,0.000000000,0,0.000000000,0,0.000000000
Brodmann,109,CON_deeper_than_WS_t_2_CoS_Left,0,0.000000000,0,0.000000000,0,0.000000000
Brodmann,110,CON_deeper_than_WS_t_2_aIPS_Left,0,0.000000000,0,0.000000000,0,0.000000000
Brodmann,111,CON_deeper_than_WS_t_2_pIPS_Left,0,0.000000000,0,0.000000000,0,0.000000000
Brodmann,112,CON_deeper_than_WS_t_2_SF-front-operc_Left,0,0.000000000,0,0.000000000,0,0.000000000
Brodmann,113,CON_deeper_than_WS_t_2_OlfS_Left,0,0.000000000,0,0.000000000,0,0.000000000
Brodmann,114,CON_deeper_than_WS_t_2_CaS_Left,0,0.000000000,0,0.000000000,0,0.000000000
Brodmann,115,WS_deeper_t_3_HC-PHC_Left,0,0.000000000,0,0.000000000,0,0.000000000
Brodmann,116,WS_deeper_t_2_Ins-Parietal-Operc_Left,0,0.000000000,0,0.000000000,0,0.000000000
Brodmann,117,WS_deeper_t_3_Ins-Parietal-Operc_Left,0,0.000000000,0,0.000000000,0,0.000000000
Brodmann,118,WS_deeper_t_3_PoCeS_Left,0,0.000000000,0,0.000000000,0,0.000000000
Brodmann,119,WS_deeper_t_3_AngG_Left,0,0.000000000,0,0.000000000,0,0.000000000
Brodmann,120,WS_deeper_t_3_IFG_Left,0,0.000000000,0,0.000000000,0,0.000000000
Brodmann,121,WS_deeper_t_3_SupParG_Left,0,0.000000000,0,0.000000000,0,0.000000000
Brodmann,122,WS_deeper_t_3_Cuneus_Left,0,0.000000000,0,0.000000000,0,0.000000000
Brodmann,123,WS_deeper_t_3_MedOrbG_Left,0,0.000000000,0,0.000000000,0,0.000000000
Brodmann,124,WS_deeper_t_2_AngG_Left,0,0.000000000,0,0.000000000,0,0.000000000
Brodmann,125,WS_deeper_t_2_HC-PHC_Left,0,0.000000000,0,0.000000000,0,0.000000000
Brodmann,126,WS_deeper_t_2_PoCeS_Left,0,0.000000000,0,0.000000000,0,0.000000000
Brodmann,127,WS_deeper_t_2_Cuneus_Left,0,0.000000000,0,0.000000000,0,0.000000000
Brodmann,128,WS_deeper_t_2_IFG_Left,0,0.000000000,0,0.000000000,0,0.000000000
Brodmann,129,WS_deeper_t_2_MedOrbG_Left,0,0.000000000,0,0.000000000,0,0.000000000
Brodmann,130,WS_deeper_t_2_SupParG_Left,0,0.000000000,0,0.000000000,0,0.000000000
Brodmann,131,SCZ33-vs-CON30_Interhem,0,0.000000000,0,0.000000000,0,0.000000000
Brodmann,132,MapGyri_SCZ33-vs-CON30_Left,0,0.000000000,0,0.000000000,0,0.000000000
Brodmann,133,minus_cluster_area_1116.27_nodes_1100,0,0.000000000,0,0.000000000,0,0.000000000
Brodmann,134,plus_cluster_area_997.997_nodes_907,0,0.000000000,0,0.000000000,0,0.000000000
Brodmann,135,plus_cluster_area_574.765_nodes_715,0,0.000000000,0,0.000000000,0,0.000000000
Brodmann,136,minus_cluster_area_424.611_nodes_569,0,0.000000000,0,0.000000000,0,0.000000000
Brodmann,137,OngurEtAl_03_PrCO,0,0.000000000,0,0.000000000,0,0.000000000
Brodmann,138,OngurEtAl_03_32ac,0,0.000000000,0,0.000000000,0,0.000000000
Brodmann,139,OngurEtAl_03_32pl,0,0.000000000,0,0.000000000,0,0.000000000
Brodmann,140,Default_Network,0,0.000000000,0,0.000000000,0,0.000000000
Brodmann,141,,0,0.000000000,0,0.000000000,0,0.000000000
Yeo-2011-7,7,7Networks_7,926,0.256154910,588,0.162655602,338,0.093499308
Yeo-2011-7,5,7Networks_5,728,0.201383126,454,0.125587828,274,0.075795297
Yeo-2011-7,1,7Networks_1,535,0.147994467,261,0.072199170,274,0.075795297
Yeo-2011-7,6,7Networks_6,474,0.131120332,192,0.053112033,282,0.078008299
Yeo-2011-7,2,7Networks_2,461,0.127524205,204,0.056431535,257,0.071092669
Yeo-2011-7,4,7Networks_4,283,0.078284924,115,0.031811895,168,0.046473029
Yeo-2011-7,3,7Networks_3,198,0.054771784,110,0.030428769,88,0.024343015
Yeo-2011-7,0,FreeSurfer_Defined_Medial_Wall,10,0.002766252,4,0.001106501,6,0.001659751
Yeo-2011-17,17,17Networks_17,578,0.159889350,430,0.118948824,148,0.040940526
Yeo-2011-17,9,17Networks_9,538,0.148824343,344,0.095159059,194,0.053665284
Yeo-2011-17,1,17Networks_1,313,0.086583679,158,0.043706777,155,0.042876902
Yeo-2011-17,13,17Networks_13,285,0.078838174,101,0.027939142,184,0.050899032
Yeo-2011-17,4,17Networks_4,251,0.069432918,123,0.034024896,128,0.035408022
Yeo-2011-17,16,17Networks_16,209,0.057814661,70,0.019363762,139,0.038450899
Yeo-2011-17,14,17Networks_14,205,0.056708160,133,0.036791148,72,0.019917012
Yeo-2011-17,12,17Networks_12,195,0.053941909,111,0.030705394,84,0.023236515
Yeo-2011-17,7,17Networks_7,160,0.044260028,56,0.015491010,104,0.028769018
Yeo-2011-17,10,17Networks_10,146,0.040387275,85,0.023513140,61,0.016874136
Yeo-2011-17,5,17Networks_5,143,0.039557400,84,0.023236515,59,0.016320885
Yeo-2011-17,2,17Networks_2,139,0.038450899,51,0.014107884,88,0.024343015
Yeo-2011-17,8,17Networks_8,136,0.037621024,50,0.013831259,86,0.023789765
Yeo-2011-17,3,17Networks_3,117,0.032365145,27,0.007468880,90,0.024896266
Yeo-2011-17,6,17Networks_6,82,0.022683264,29,0.008022130,53,0.014661134
Yeo-2011-17,15,17Networks_15,80,0.022130014,63,0.017427386,17,0.004702628
Yeo-2011-17,11,17Networks_11,28,0.007745505,9,0.002489627,19,0.005255878
Yeo-2011-17,0,FreeSurfer_Defined_Medial_Wall,10,0.002766252,4,0.001106501,6,0.001659751
HCP-MMP1,0,???,1691,0.467773167,11,0.003042877,1680,0.464730290
HCP-MMP1,132,L_TE1a_ROI,101,0.027939142,101,0.027939142,0,0.000000000
HCP-MMP1,134,L_TE2a_ROI,100,0.027662517,100,0.027662517,0,0.000000000
HCP-MMP1,133,L_TE1p_ROI,90,0.024896266,90,0.024896266,0,0.000000000
HCP-MMP1,131,L_TGd_ROI,88,0.024343015,88,0.024343015,0,0.000000000
HCP-MMP1,122,L_PeEc_ROI,78,0.021576763,77,0.021300138,1,0.000276625
HCP-MMP1,172,L_TGv_ROI,73,0.020193638,70,0.019363762,3,0.000829876
HCP-MMP1,175,L_A4_ROI,61,0.016874136,61,0.016874136,0,0.000000000
HCP-MMP1,125,L_A5_ROI,53,0.014661134,53,0.014661134,0,0.000000000
HCP-MMP1,177,L_TE1m_ROI,50,0.013831259,50,0.013831259,0,0.000000000
HCP-MMP1,118,L_EC_ROI,47,0.013001383,47,0.013001383,0,0.000000000
HCP-MMP1,18,L_FFC_ROI,46,0.012724758,45,0.012448133,1,0.000276625
HCP-MMP1,137,L_PHT_ROI,45,0.012448133,45,0.012448133,0,0.000000000
HCP-MMP1,148,L_PF_ROI,44,0.012171508,44,0.012171508,0,0.000000000
HCP-MMP1,135,L_TF_ROI,43,0.011894882,42,0.011618257,1,0.000276625
HCP-MMP1,77,L_a47r_ROI,42,0.011618257,42,0.011618257,0,0.000000000
HCP-MMP1,163,L_VVC_ROI,36,0.009958506,36,0.009958506,0,0.000000000
HCP-MMP1,123,L_STGa_ROI,33,0.009128631,33,0.009128631,0,0.000000000
HCP-MMP1,5,L_V3_ROI,30,0.008298755,30,0.008298755,0,0.000000000
HCP-MMP1,75,L_45_ROI,29,0.008022130,29,0.008022130,0,0.000000000
HCP-MMP1,136,L_TE2p_ROI,29,0.008022130,28,0.007745505,1,0.000276625
HCP-MMP1,4,L_V2_ROI,27,0.007468880,27,0.007468880,0,0.000000000
HCP-MMP1,91,L_11l_ROI,27,0.007468880,27,0.007468880,0,0.000000000
HCP-MMP1,126,L_PHA1_ROI,25,0.006915629,25,0.006915629,0,0.000000000
HCP-MMP1,51,L_1_ROI,23,0.006362379,23,0.006362379,0,0.000000000
HCP-MMP1,149,L_PFm_ROI,23,0.006362379,23,0.006362379,0,0.000000000
HCP-MMP1,28,L_STV_ROI,21,0.005809129,21,0.005809129,0,0.000000000
HCP-MMP1,74,L_44_ROI,20,0.005532503,20,0.005532503,0,0.000000000
HCP-MMP1,83,L_p9-46v_ROI,20,0.005532503,20,0.005532503,0,0.000000000
HCP-MMP1,76,L_47l_ROI,19,0.005255878,19,0.005255878,0,0.000000000
HCP-MMP1,138,L_PH_ROI,19,0.005255878,19,0.005255878,0,0.000000000
HCP-MMP1,22,L_PIT_ROI,18,0.004979253,18,0.004979253,0,0.000000000
HCP-MMP1,93,L_OFC_ROI,18,0.004979253,18,0.004979253,0,0.000000000
HCP-MMP1,1,L_V1_ROI,16,0.004426003,16,0.004426003,0,0.000000000
HCP-MMP1,147,L_PFop_ROI,16,0.004426003,16,0.004426003,0,0.000000000
HCP-MMP1,12,L_55b_ROI,15,0.004149378,15,0.004149378,0,0.000000000
HCP-MMP1,99,L_43_ROI,15,0.004149378,15,0.004149378,0,0.000000000
HCP-MMP1,127,L_PHA3_ROI,15,0.004149378,15,0.004149378,0,0.000000000
HCP-MMP1,25,L_PSL_ROI,14,0.003872752,14,0.003872752,0,0.000000000
HCP-MMP1,56,L_6v_ROI,14,0.003872752,14,0.003872752,0,0.000000000
HCP-MMP1,84,L_46_ROI,14,0.003872752,14,0.003872752,0,0.000000000
HCP-MMP1,92,L_13l_ROI,13,0.003596127,13,0.003596127,0,0.000000000
HCP-MMP1,90,L_10pp_ROI,12,0.003319502,12,0.003319502,0,0.000000000
HCP-MMP1,140,L_TPOJ2_ROI,12,0.003319502,12,0.003319502,0,0.000000000
HCP-MMP1,21,L_LO2_ROI,11,0.003042877,11,0.003042877,0,0.000000000
HCP-MMP1,82,L_IFSa_ROI,11,0.003042877,11,0.003042877,0,0.000000000
HCP-MMP1,100,L_OP4_ROI,11,0.003042877,11,0.003042877,0,0.000000000
HCP-MMP1,143,L_PGp_ROI,11,0.003042877,11,0.003042877,0,0.000000000
HCP-MMP1,153,L_VMV1_ROI,11,0.003042877,11,0.003042877,0,0.000000000
HCP-MMP1,7,L_V8_ROI,10,0.002766252,10,0.002766252,0,0.000000000
HCP-MMP1,67,L_8Av_ROI,10,0.002766252,10,0.002766252,0,0.000000000
HCP-MMP1,72,L_10d_ROI,10,0.002766252,10,0.002766252,0,0.000000000
HCP-MMP1,6,L_V4_ROI,9,0.002489627,9,0.002489627,0,0.000000000
HCP-MMP1,27,L_PCV_ROI,9,0.002489627,9,0.002489627,0,0.000000000
HCP-MMP1,33,L_v23ab_ROI,9,0.002489627,9,0.002489627,0,0.000000000
HCP-MMP1,87,L_9a_ROI,9,0.002489627,9,0.002489627,0,0.000000000
HCP-MMP1,94,L_47s_ROI,9,0.002489627,9,0.002489627,0,0.000000000
HCP-MMP1,151,L_PGs_ROI,9,0.002489627,9,0.002489627,0,0.000000000
HCP-MMP1,171,L_p47r_ROI,9,0.002489627,9,0.002489627,0,0.000000000
HCP-MMP1,9,L_3b_ROI,8,0.002213001,8,0.002213001,0,0.000000000
HCP-MMP1,30,L_7m_ROI,8,0.002213001,8,0.002213001,0,0.000000000
HCP-MMP1,34,L_d23ab_ROI,8,0.002213001,8,0.002213001,0,0.000000000
HCP-MMP1,54,L_6d_ROI,8,0.002213001,8,0.002213001,0,0.000000000
HCP-MMP1,73,L_8C_ROI,8,0.002213001,8,0.002213001,0,0.000000000
HCP-MMP1,81,L_IFSp_ROI,8,0.002213001,8,0.002213001,0,0.000000000
HCP-MMP1,88,L_10v_ROI,8,0.002213001,8,0.002213001,0,0.000000000
HCP-MMP1,78,L_6r_ROI,7,0.001936376,7,0.001936376,0,0.000000000
HCP-MMP1,85,L_a9-46v_ROI,7,0.001936376,7,0.001936376,0,0.000000000
HCP-MMP1,107,L_TA2_ROI,7,0.001936376,7,0.001936376,0,0.000000000
HCP-MMP1,139,L_TPOJ1_ROI,7,0.001936376,7,0.001936376,0,0.000000000
HCP-MMP1,66,L_47m_ROI,6,0.001659751,6,0.001659751,0,0.000000000
HCP-MMP1,86,L_9-46d_ROI,6,0.001659751,6,0.001659751,0,0.000000000
HCP-MMP1,89,L_a10p_ROI,6,0.001659751,6,0.001659751,0,0.000000000
HCP-MMP1,128,L_STSda_ROI,6,0.001659751,6,0.001659751,0,0.000000000
HCP-MMP1,159,L_LO3_ROI,6,0.001659751,6,0.001659751,0,0.000000000
HCP-MMP1,14,L_RSC_ROI,5,0.001383126,5,0.001383126,0,0.000000000
HCP-MMP1,23,L_MT_ROI,5,0.001383126,5,0.001383126,0,0.000000000
HCP-MMP1,26,L_SFL_ROI,5,0.001383126,5,0.001383126,0,0.000000000
HCP-MMP1,44,L_6ma_ROI,5,0.001383126,5,0.001383126,0,0.000000000
HCP-MMP1,119,L_PreS_ROI,5,0.001383126,5,0.001383126,0,0.000000000
HCP-MMP1,154,L_VMV3_ROI,5,0.001383126,5,0.001383126,0,0.000000000
HCP-MMP1,157,L_FST_ROI,5,0.001383126,5,0.001383126,0,0.000000000
HCP-MMP1,170,L_p10p_ROI,5,0.001383126,5,0.001383126,0,0.000000000
HCP-MMP1,20,L_LO1_ROI,4,0.001106501,4,0.001106501,0,0.000000000
HCP-MMP1,47,L_7PC_ROI,4,0.001106501,4,0.001106501,0,0.000000000
HCP-MMP1,48,L_LIPv_ROI,4,0.001106501,4,0.001106501,0,0.000000000
HCP-MMP1,116,L_PFt_ROI,4,0.001106501,4,0.001106501,0,0.000000000
HCP-MMP1,145,L_IP1_ROI,4,0.001106501,4,0.001106501,0,0.000000000
HCP-MMP1,150,L_PGi_ROI,4,0.001106501,4,0.001106501,0,0.000000000
HCP-MMP1,156,L_V4t_ROI,4,0.001106501,4,0.001106501,0,0.000000000
HCP-MMP1,162,L_31a_ROI,4,0.001106501,4,0.001106501,0,0.000000000
HCP-MMP1,8,L_4_ROI,3,0.000829876,3,0.000829876,0,0.000000000
HCP-MMP1,13,L_V3A_ROI,3,0.000829876,3,0.000829876,0,0.000000000
HCP-MMP1,49,L_VIP_ROI,3,0.000829876,3,0.000829876,0,0.000000000
HCP-MMP1,108,L_FOP4_ROI,3,0.000829876,3,0.000829876,0,0.000000000
HCP-MMP1,130,L_STSvp_ROI,3,0.000829876,3,0.000829876,0,0.000000000
HCP-MMP1,158,L_V3CD_ROI,3,0.000829876,3,0.000829876,0,0.000000000
HCP-MMP1,31,L_POS1_ROI,2,0.000553250,2,0.000553250,0,0.000000000
HCP-MMP1,35,L_31pv_ROI,2,0.000553250,2,0.000553250,0,0.000000000
HCP-MMP1,45,L_7Am_ROI,2,0.000553250,2,0.000553250,0,0.000000000
HCP-MMP1,52,L_2_ROI,2,0.000553250,2,0.000553250,0,0.000000000
HCP-MMP1,63,L_8BM_ROI,2,0.000553250,2,0.000553250,0,0.000000000
HCP-MMP1,71,L_9p_ROI,2,0.000553250,2,0.000553250,0,0.000000000
HCP-MMP1,79,L_IFJa_ROI,2,0.000553250,2,0.000553250,0,0.000000000
HCP-MMP1,141,L_TPOJ3_ROI,2,0.000553250,2,0.000553250,0,0.000000000
HCP-MMP1,146,L_IP0_ROI,2,0.000553250,2,0.000553250,0,0.000000000
HCP-MMP1,176,L_STSva_ROI,2,0.000553250,2,0.000553250,0,0.000000000
HCP-MMP1,10,L_FEF_ROI,1,0.000276625,1,0.000276625,0,0.000000000
HCP-MMP1,11,L_PEF_ROI,1,0.000276625,1,0.000276625,0,0.000000000
HCP-MMP1,32,L_23d_ROI,1,0.000276625,1,0.000276625,0,0.000000000
HCP-MMP1,46,L_7PL_ROI,1,0.000276625,1,0.000276625,0,0.000000000
HCP-MMP1,55,L_6mp_ROI,1,0.000276625,1,0.000276625,0,0.000000000
HCP-MMP1,58,L_33pr_ROI,1,0.000276625,1,0.000276625,0,0.000000000
HCP-MMP1,59,L_a24pr_ROI,1,0.000276625,1,0.000276625,0,0.000000000
HCP-MMP1,60,L_p32pr_ROI,1,0.000276625,1,0.000276625,0,0.000000000
HCP-MMP1,68,L_8Ad_ROI,1,0.000276625,1,0.000276625,0,0.000000000
HCP-MMP1,70,L_8BL_ROI,1,0.000276625,1,0.000276625,0,0.000000000
HCP-MMP1,97,L_i6-8_ROI,1,0.000276625,1,0.000276625,0,0.000000000
HCP-MMP1,98,L_s6-8_ROI,1,0.000276625,1,0.000276625,0,0.000000000
HCP-MMP1,113,L_FOP1_ROI,1,0.000276625,1,0.000276625,0,0.000000000
HCP-MMP1,124,L_PBelt_ROI,1,0.000276625,1,0.000276625,0,0.000000000
HCP-MMP1,152,L_V6A_ROI,1,0.000276625,1,0.000276625,0,0.000000000
HCP-MMP1,164,L_25_ROI,1,0.000276625,1,0.000276625,0,0.000000000
HCP-MMP1,166,L_pOFC_ROI,1,0.000276625,1,0.000276625,0,0.000000000
HCP-MMP1,179,L_a32pr_ROI,1,0.000276625,1,0.000276625,0,0.000000000
HCP-MMP1,2,L_MST_ROI,0,0.000000000,0,0.000000000,0,0.000000000
HCP-MMP1,3,L_V6_ROI,0,0.000000000,0,0.000000000,0,0.000000000
HCP-MMP1,15,L_POS2_ROI,0,0.000000000,0,0.000000000,0,0.000000000
HCP-MMP1,16,L_V7_ROI,0,0.000000000,0,0.000000000,0,0.000000000
HCP-MMP1,17,L_IPS1_ROI,0,0.000000000,0,0.000000000,0,0.000000000
HCP-MMP1,19,L_V3B_ROI,0,0.000000000,0,0.000000000,0,0.000000000
HCP-MMP1,24,L_A1_ROI,0,0.000000000,0,0.000000000,0,0.000000000
HCP-MMP1,29,L_7Pm_ROI,0,0.000000000,0,0.000000000,0,0.000000000
HCP-MMP1,36,L_5m_ROI,0,0.000000000,0,0.000000000,0,0.000000000
HCP-MMP1,37,L_5mv_ROI,0,0.000000000,0,0.000000000,0,0.000000000
HCP-MMP1,38,L_23c_ROI,0,0.000000000,0,0.000000000,0,0.000000000
HCP-MMP1,39,L_5L_ROI,0,0.000000000,0,0.000000000,0,0.000000000
HCP-MMP1,40,L_24dd_ROI,0,0.000000000,0,0.000000000,0,0.000000000
HCP-MMP1,41,L_24dv_ROI,0,0.000000000,0,0.000000000,0,0.000000000
HCP-MMP1,42,L_7AL_ROI,0,0.000000000,0,0.000000000,0,0.000000000
HCP-MMP1,43,L_SCEF_ROI,0,0.000000000,0,0.000000000,0,0.000000000
HCP-MMP1,50,L_MIP_ROI,0,0.000000000,0,0.000000000,0,0.000000000
HCP-MMP1,53,L_3a_ROI,0,0.000000000,0,0.000000000,0,0.000000000
HCP-MMP1,57,L_p24pr_ROI,0,0.000000000,0,0.000000000,0,0.000000000
HCP-MMP1,61,L_a24_ROI,0,0.000000000,0,0.000000000,0,0.000000000
HCP-MMP1,62,L_d32_ROI,0,0.000000000,0,0.000000000,0,0.000000000
HCP-MMP1,64,L_p32_ROI,0,0.000000000,0,0.000000000,0,0.000000000
HCP-MMP1,65,L_10r_ROI,0,0.000000000,0,0.000000000,0,0.000000000
HCP-MMP1,69,L_9m_ROI,0,0.000000000,0,0.000000000,0,0.000000000
HCP-MMP1,80,L_IFJp_ROI,0,0.000000000,0,0.000000000,0,0.000000000
HCP-MMP1,95,L_LIPd_ROI,0,0.000000000,0,0.000000000,0,0.000000000
HCP-MMP1,96,L_6a_ROI,0,0.000000000,0,0.000000000,0,0.000000000
HCP-MMP1,101,L_OP1_ROI,0,0.000000000,0,0.000000000,0,0.000000000
HCP-MMP1,102,L_OP2-3_ROI,0,0.000000000,0,0.000000000,0,0.000000000
HCP-MMP1,103,L_52_ROI,0,0.000000000,0,0.000000000,0,0.000000000
HCP-MMP1,104,L_RI_ROI,0,0.000000000,0,0.000000000,0,0.000000000
HCP-MMP1,105,L_PFcm_ROI,0,0.000000000,0,0.000000000,0,0.000000000
HCP-MMP1,106,L_PoI2_ROI,0,0.000000000,0,0.000000000,0,0.000000000
HCP-MMP1,109,L_MI_ROI,0,0.000000000,0,0.000000000,0,0.000000000
HCP-MMP1,110,L_Pir_ROI,0,0.000000000,0,0.000000000,0,0.000000000
HCP-MMP1,111,L_AVI_ROI,0,0.000000000,0,0.000000000,0,0.000000000
HCP-MMP1,112,L_AAIC_ROI,0,0.000000000,0,0.000000000,0,0.000000000
HCP-MMP1,114,L_FOP3_ROI,0,0.000000000,0,0.000000000,0,0.000000000
HCP-MMP1,115,L_FOP2_ROI,0,0.000000000,0,0.000000000,0,0.000000000
HCP-MMP1,117,L_AIP_ROI,0,0.000000000,0,0.000000000,0,0.000000000
HCP-MMP1,120,L_H_ROI,0,0.000000000,0,0.000000000,0,0.000000000
HCP-MMP1,121,L_ProS_ROI,0,0.000000000,0,0.000000000,0,0.000000000
HCP-MMP1,129,L_STSdp_ROI,0,0.000000000,0,0.000000000,0,0.000000000
HCP-MMP1,142,L_DVT_ROI,0,0.000000000,0,0.000000000,0,0.000000000
HCP-MMP1,144,L_IP2_ROI,0,0.000000000,0,0.000000000,0,0.000000000
HCP-MMP1,155,L_PHA2_ROI,0,0.000000000,0,0.000000000,0,0.000000000
HCP-MMP1,160,L_VMV2_ROI,0,0.000000000,0,0.000000000,0,0.000000000
HCP-MMP1,161,L_31pd_ROI,0,0.000000000,0,0.000000000,0,0.000000000
HCP-MMP1,165,L_s32_ROI,0,0.000000000,0,0.000000000,0,0.000000000
HCP-MMP1,167,L_PoI1_ROI,0,0.000000000,0,0.000000000,0,0.000000000
HCP-MMP1,168,L_Ig_ROI,0,0.000000000,0,0.000000000,0,0.000000000
HCP-MMP1,169,L_FOP5_ROI,0,0.000000000,0,0.000000000,0,0.000000000
HCP-MMP1,173,L_MBelt_ROI,0,0.000000000,0,0.000000000,0,0.000000000
HCP-MMP1,174,L_LBelt_ROI,0,0.000000000,0,0.000000000,0,0.000000000
HCP-MMP1,178,L_PI_ROI,0,0.000000000,0,0.000000000,0,0.000000000
HCP-MMP1,180,L_p24_ROI,0,0.000000000,0,0.000000000,0,0.000000000
M132,70,STPi_M132,271,0.074965422,171,0.047302905,100,0.027662517
M132,59,PBr_M132,242,0.066943292,153,0.042323651,89,0.024619640
M132,60,PGa_M132,137,0.037897649,88,0.024343015,49,0.013554633
M132,71,STPr_M132,136,0.037621024,92,0.025449516,44,0.012171508
M132,1,10_M132,131,0.036237898,67,0.018533887,64,0.017704011
M132,66,ProM_M132,120,0.033195021,75,0.020746888,45,0.012448133
M132,83,Temporal-pole_M132,117,0.032365145,83,0.022959889,34,0.009405256
M132,3,12_M132,112,0.030982019,74,0.020470263,38,0.010511757
M132,14,2_M132,111,0.030705394,44,0.012171508,67,0.018533887
M132,52,MB_M132,111,0.030705394,76,0.021023513,35,0.009681881
M132,50,LB_M132,97,0.026832642,61,0.016874136,36,0.009958506
M132,0,,92,0.025449516,51,0.014107884,41,0.011341632
M132,58,PBc_M132,84,0.023236515,46,0.012724758,38,0.010511757
M132,88,V4_M132,84,0.023236515,36,0.009958506,48,0.013278008
M132,65,Piriform_M132,79,0.021853389,25,0.006915629,54,0.014937759
M132,63,Perirhinal_M132,78,0.021576763,67,0.018533887,11,0.003042877
M132,17,3_M132,75,0.020746888,30,0.008298755,45,0.012448133
M132,25,7B_M132,70,0.019363762,34,0.009405256,36,0.009958506
M132,27,7op_M132,59,0.016320885,33,0.009128631,26,0.007192254
M132,54,MST_M132,59,0.016320885,29,0.008022130,30,0.008298755
M132,7,23_M132,58,0.016044260,26,0.007192254,32,0.008852006
M132,48,IPa_M132,58,0.016044260,43,0.011894882,15,0.004149378
M132,24,7A_M132,55,0.015214385,18,0.004979253,37,0.010235131
M132,38,Entorhinal_M132,52,0.014384509,40,0.011065007,12,0.003319502
M132,2,11_M132,51,0.014107884,33,0.009128631,18,0.004979253
M132,30,8m_M132,51,0.014107884,23,0.006362379,28,0.007745505
M132,22,46v_M132,43,0.011894882,22,0.006085754,21,0.005809129
M132,29,8l_M132,43,0.011894882,23,0.006362379,20,0.005532503
M132,82,TPt_M132,39,0.010788382,16,0.004426003,23,0.006362379
M132,20,45B_M132,37,0.010235131,13,0.003596127,24,0.006639004
M132,26,7m_M132,37,0.010235131,12,0.003319502,25,0.006915629
M132,87,V3_M132,36,0.009958506,14,0.003872752,22,0.006085754
M132,47,Gu_M132,35,0.009681881,22,0.006085754,13,0.003596127
M132,6,1_M132,34,0.009405256,10,0.002766252,24,0.006639004
M132,40,F2_M132,33,0.009128631,11,0.003042877,22,0.006085754
M132,43,F5_M132,33,0.009128631,9,0.002489627,24,0.006639004
M132,69,STPc_M132,32,0.008852006,14,0.003872752,18,0.004979253
M132,76,TEam-a_M132,32,0.008852006,28,0.007745505,4,0.001106501
M132,84,V1_M132,31,0.008575380,7,0.001936376,24,0.006639004
M132,68,S2_M132,30,0.008298755,11,0.003042877,19,0.005255878
M132,39,F1_M132,28,0.007745505,5,0.001383126,23,0.006362379
M132,64,Pi_M132,26,0.007192254,9,0.002489627,17,0.004702628
M132,28,8B_M132,25,0.006915629,1,0.000276625,24,0.006639004
M132,46,FST_M132,22,0.006085754,10,0.002766252,12,0.003319502
M132,79,TEpd_M132,22,0.006085754,13,0.003596127,9,0.002489627
M132,5,14_M132,21,0.005809129,9,0.002489627,12,0.003319502
M132,31,8r_M132,21,0.005809129,7,0.001936376,14,0.003872752
M132,41,F3_M132,21,0.005809129,4,0.001106501,17,0.004702628
M132,15,31_M132,19,0.005255878,7,0.001936376,12,0.003319502
M132,19,45A_M132,18,0.004979253,5,0.001383126,13,0.003596127
M132,74,TEOm_M132,18,0.004979253,9,0.002489627,9,0.002489627
M132,77,TEam-p_M132,18,0.004979253,10,0.002766252,8,0.002213001
M132,23,5_M132,16,0.004426003,6,0.001659751,10,0.002766252
M132,18,44_M132,14,0.003872752,3,0.000829876,11,0.003042877
M132,21,46d_M132,14,0.003872752,6,0.001659751,8,0.002213001
M132,44,F6_M132,14,0.003872752,2,0.000553250,12,0.003319502
M132,45,F7_M132,14,0.003872752,5,0.001383126,9,0.002489627
M132,78,TEav_M132,14,0.003872752,12,0.003319502,2,0.000553250
M132,34,9_M132,12,0.003319502,1,0.000276625,11,0.003042877
M132,49,Insula_M132,12,0.003319502,5,0.001383126,7,0.001936376
M132,61,PIP_M132,12,0.003319502,0,0.000000000,12,0.003319502
M132,72,Subiculum_M132,12,0.003319502,11,0.003042877,1,0.000276625
M132,73,TEO_M132,12,0.003319502,4,0.001106501,8,0.002213001
M132,86,V3A_M132,12,0.003319502,4,0.001106501,8,0.002213001
M132,11,24d_M132,11,0.003042877,3,0.000829876,8,0.002213001
M132,51,LIP_M132,11,0.003042877,7,0.001936376,4,0.001106501
M132,4,13_M132,9,0.002489627,4,0.001106501,5,0.001383126
M132,9,24b_M132,8,0.002213001,1,0.000276625,7,0.001936376
M132,32,9_46d_M132,8,0.002213001,3,0.000829876,5,0.001383126
M132,57,OPRO_M132,7,0.001936376,5,0.001383126,2,0.000553250
M132,75,TEad_M132,7,0.001936376,5,0.001383126,2,0.000553250
M132,35,AIP_M132,6,0.001659751,2,0.000553250,4,0.001106501
M132,53,MIP_M132,6,0.001659751,0,0.000000000,6,0.001659751
M132,80,TEpv_M132,6,0.001659751,4,0.001106501,2,0.000553250
M132,10,24c_M132,5,0.001383126,0,0.000000000,5,0.001383126
M132,13,29_30_M132,5,0.001383126,1,0.000276625,4,0.001106501
M132,89,V4t_M132,5,0.001383126,4,0.001106501,1,0.000276625
M132,81,TH_TF_M132,4,0.001106501,3,0.000829876,1,0.000276625
M132,37,DP_M132,3,0.000829876,2,0.000553250,1,0.000276625
M132,42,F4_M132,3,0.000829876,2,0.000553250,1,0.000276625
M132,67,Prostriate_M132,3,0.000829876,0,0.000000000,3,0.000829876
M132,92,VIP_M132,3,0.000829876,1,0.000276625,2,0.000553250
M132,8,24a_M132,1,0.000276625,1,0.000276625,0,0.000000000
M132,12,25_M132,1,0.000276625,1,0.000276625,0,0.000000000
M132,56,OPAI_M132,1,0.000276625,1,0.000276625,0,0.000000000
M132,16,32_M132,0,0.000000000,0,0.000000000,0,0.000000000
M132,33,9_46v_M132,0,0.000000000,0,0.000000000,0,0.000000000
M132,36,Aud-core_M132,0,0.000000000,0,0.000000000,0,0.000000000
M132,55,MT_M132,0,0.000000000,0,0.000000000,0,0.000000000
M132,62,PO_M132,0,0.000000000,0,0.000000000,0,0.000000000
M132,85,V2_M132,0,0.000000000,0,0.000000000,0,0.000000000
M132,90,V6A_M132,0,0.000000000,0,0.000000000,0,0.000000000
M132,91,V6_M132,0,0.000000000,0,0.000000000,0,0.000000000
FVE91,0,,2110,0.583679115,1144,0.316459198,966,0.267219917
FVE91,71,FVE_STPp,417,0.115352697,255,0.070539419,162,0.044813278
FVE91,70,FVE_STPa,162,0.044813278,104,0.028769018,58,0.016044260
FVE91,39,FVE_FEF,136,0.037621024,58,0.016044260,78,0.021576763
FVE91,80,FVE_V4,95,0.026279391,42,0.011618257,53,0.014661134
FVE91,77,FVE_V2,75,0.020746888,19,0.005255878,56,0.015491010
FVE91,23,FVE_7a,70,0.019363762,26,0.007192254,44,0.012171508
FVE91,1,FVE_1,66,0.018257261,34,0.009405256,32,0.008852006
FVE91,20,FVE_46,51,0.014107884,25,0.006915629,26,0.007192254
FVE91,57,FVE_PITd,47,0.013001383,21,0.005809129,26,0.007192254
FVE91,48,FVE_MSTd,44,0.012171508,19,0.005255878,25,0.006915629
FVE91,49,FVE_MSTl,35,0.009681881,20,0.005532503,15,0.004149378
FVE91,40,FVE_FST,32,0.008852006,22,0.006085754,10,0.002766252
FVE91,76,FVE_V1,32,0.008852006,6,0.001659751,26,0.007192254
FVE91,30,FVE_Auditory,31,0.008575380,20,0.005532503,11,0.003042877
FVE91,73,FVE_TF,30,0.008298755,17,0.004702628,13,0.003596127
FVE91,29,FVE_AUD,25,0.006915629,10,0.002766252,15,0.004149378
FVE91,34,FVE_CITv,18,0.004979253,11,0.003042877,7,0.001936376
FVE91,81,FVE_V4t,18,0.004979253,12,0.003319502,6,0.001659751
FVE91,33,FVE_CITd,16,0.004426003,13,0.003596127,3,0.000829876
FVE91,27,FVE_AITd,15,0.004149378,10,0.002766252,5,0.001383126
FVE91,74,FVE_TH,14,0.003872752,9,0.002489627,5,0.001383126
FVE91,79,FVE_V3A,10,0.002766252,3,0.000829876,7,0.001936376
FVE91,28,FVE_AITv,8,0.002213001,6,0.001659751,2,0.000553250
FVE91,78,FVE_V3,8,0.002213001,3,0.000829876,5,0.001383126
FVE91,84,FVE_VP,8,0.002213001,3,0.000829876,5,0.001383126
FVE91,85,FVE_Visual,8,0.002213001,5,0.001383126,3,0.000829876
FVE91,51,FVE_Motor,7,0.001936376,3,0.000829876,4,0.001106501
FVE91,55,FVE_PIP,7,0.001936376,1,0.000276625,6,0.001659751
FVE91,58,FVE_PITv,6,0.001659751,1,0.000276625,5,0.001383126
FVE91,83,FVE_VOT,4,0.001106501,3,0.000829876,1,0.000276625
FVE91,37,FVE_DP,3,0.000829876,1,0.000276625,2,0.000553250
FVE91,82,FVE_VIP,3,0.000829876,0,0.000000000,3,0.000829876
FVE91,52,FVE_Olfactory,2,0.000553250,2,0.000553250,0,0.000000000
FVE91,45,FVE_LIP,1,0.000276625,0,0.000000000,1,0.000276625
FVE91,46,FVE_MDP,1,0.000276625,0,0.000000000,1,0.000276625
FVE91,2,FVE_10,0,0.000000000,0,0.000000000,0,0.000000000
FVE91,3,FVE_11,0,0.000000000,0,0.000000000,0,0.000000000
FVE91,4,FVE_12,0,0.000000000,0,0.000000000,0,0.000000000
FVE91,5,FVE_13,0,0.000000000,0,0.000000000,0,0.000000000
FVE91,6,FVE_14,0,0.000000000,0,0.000000000,0,0.000000000
FVE91,7,FVE_2,0,0.000000000,0,0.000000000,0,0.000000000
FVE91,8,FVE_23,0,0.000000000,0,0.000000000,0,0.000000000
FVE91,9,FVE_24,0,0.000000000,0,0.000000000,0,0.000000000
FVE91,10,FVE_25,0,0.000000000,0,0.000000000,0,0.000000000
FVE91,11,FVE_29,0,0.000000000,0,0.000000000,0,0.000000000
FVE91,12,FVE_30,0,0.000000000,0,0.000000000,0,0.000000000
FVE91,13,FVE_32,0,0.000000000,0,0.000000000,0,0.000000000
FVE91,14,FVE_35,0,0.000000000,0,0.000000000,0,0.000000000
FVE91,15,FVE_36,0,0.000000000,0,0.000000000,0,0.000000000
FVE91,16,FVE_3a,0,0.000000000,0,0.000000000,0,0.000000000
FVE91,17,FVE_3b,0,0.000000000,0,0.000000000,0,0.000000000
FVE91,18,FVE_4,0,0.000000000,0,0.000000000,0,0.000000000
FVE91,19,FVE_45,0,0.000000000,0,0.000000000,0,0.000000000
FVE91,21,FVE_5,0,0.000000000,0,0.000000000,0,0.000000000
FVE91,22,FVE_6,0,0.000000000,0,0.000000000,0,0.000000000
FVE91,24,FVE_7b,0,0.000000000,0,0.000000000,0,0.000000000
FVE91,25,FVE_9,0,0.000000000,0,0.000000000,0,0.000000000
FVE91,26,FVE_AI,0,0.000000000,0,0.000000000,0,0.000000000
FVE91,31,FVE_CA1,0,0.000000000,0,0.000000000,0,0.000000000
FVE91,32,FVE_CA3,0,0.000000000,0,0.000000000,0,0.000000000
FVE91,35,FVE_CM,0,0.000000000,0,0.000000000,0,0.000000000
FVE91,36,FVE_Cognitive_Emotional_Limbic,0,0.000000000,0,0.000000000,0,0.000000000
FVE91,38,FVE_ER,0,0.000000000,0,0.000000000,0,0.000000000
FVE91,41,FVE_G,0,0.000000000,0,0.000000000,0,0.000000000
FVE91,42,FVE_Id,0,0.000000000,0,0.000000000,0,0.000000000
FVE91,43,FVE_Ig,0,0.000000000,0,0.000000000,0,0.000000000
FVE91,44,FVE_L,0,0.000000000,0,0.000000000,0,0.000000000
FVE91,47,FVE_MIP,0,0.000000000,0,0.000000000,0,0.000000000
FVE91,50,FVE_MT,0,0.000000000,0,0.000000000,0,0.000000000
FVE91,53,FVE_PA,0,0.000000000,0,0.000000000,0,0.000000000
FVE91,54,FVE_PAC,0,0.000000000,0,0.000000000,0,0.000000000
FVE91,56,FVE_PIR,0,0.000000000,0,0.000000000,0,0.000000000
FVE91,59,FVE_PO,0,0.000000000,0,0.000000000,0,0.000000000
FVE91,60,FVE_PS,0,0.000000000,0,0.000000000,0,0.000000000
FVE91,61,FVE_PaS,0,0.000000000,0,0.000000000,0,0.000000000
FVE91,62,FVE_Pall,0,0.000000000,0,0.000000000,0,0.000000000
FVE91,63,FVE_PrS,0,0.000000000,0,0.000000000,0,0.000000000
FVE91,64,FVE_Pro,0,0.000000000,0,0.000000000,0,0.000000000
FVE91,65,FVE_RL,0,0.000000000,0,0.000000000,0,0.000000000
FVE91,66,FVE_Ri,0,0.000000000,0,0.000000000,0,0.000000000
FVE91,67,FVE_S,0,0.000000000,0,0.000000000,0,0.000000000
FVE91,68,FVE_SII,0,0.000000000,0,0.000000000,0,0.000000000
FVE91,69,FVE_SMA,0,0.000000000,0,0.000000000,0,0.000000000
FVE91,72,FVE_Somatosensory,0,0.000000000,0,0.000000000,0,0.000000000
FVE91,75,FVE_Unassigned,0,0.000000000,0,0.000000000,0,0.000000000
FVEall,154,FVE_all_UNK,656,0.181466113,383,0.105947441,273,0.075518672
FVEall,151,FVE_all_STPp,416,0.115076072,255,0.070539419,161,0.044536653
FVEall,150,FVE_all_STPa,171,0.047302905,110,0.030428769,61,0.016874136
FVEall,121,FVE_all_ER,160,0.044260028,123,0.034024896,37,0.010235131
FVEall,109,FVE_all_7b,144,0.039834025,75,0.020746888,69,0.019087137
FVEall,122,FVE_all_FEF,137,0.037897649,58,0.016044260,79,0.021853389
FVEall,114,FVE_all_Aud,124,0.034301521,70,0.019363762,54,0.014937759
FVEall,0,,112,0.030982019,69,0.019087137,43,0.011894882
FVEall,100,FVE_all_36,102,0.028215768,72,0.019917012,30,0.008298755
FVEall,99,FVE_all_35,99,0.027385892,78,0.021576763,21,0.005809129
FVEall,159,FVE_all_V4,95,0.026279391,42,0.011618257,53,0.014661134
FVEall,87,FVE_all_10,89,0.024619640,45,0.012448133,44,0.012171508
FVEall,156,FVE_all_V2,78,0.021576763,20,0.005532503,58,0.016044260
FVEall,107,FVE_all_6,75,0.020746888,25,0.006915629,50,0.013831259
FVEall,108,FVE_all_7a,70,0.019363762,26,0.007192254,44,0.012171508
FVEall,86,FVE_all_1,59,0.016320885,17,0.004702628,42,0.011618257
FVEall,110,FVE_all_9,59,0.016320885,10,0.002766252,49,0.013554633
FVEall,94,FVE_all_24,56,0.015491010,22,0.006085754,34,0.009405256
FVEall,105,FVE_all_46,50,0.013831259,24,0.006639004,26,0.007192254
FVEall,118,FVE_all_CITv,50,0.013831259,17,0.004702628,33,0.009128631
FVEall,135,FVE_all_PAC,50,0.013831259,30,0.008298755,20,0.005532503
FVEall,1,FVE_1,49,0.013554633,25,0.006915629,24,0.006639004
FVEall,138,FVE_all_PITd,47,0.013001383,21,0.005809129,26,0.007192254
FVEall,103,FVE_all_4,45,0.012448133,11,0.003042877,34,0.009405256
FVEall,130,FVE_all_MIP,44,0.012171508,19,0.005255878,25,0.006915629
FVEall,92,FVE_all_2,43,0.011894882,20,0.005532503,23,0.006362379
FVEall,93,FVE_all_23,43,0.011894882,17,0.004702628,26,0.007192254
FVEall,149,FVE_all_SMA,37,0.010235131,3,0.000829876,34,0.009405256
FVEall,132,FVE_all_MSTl,35,0.009681881,20,0.005532503,15,0.004149378
FVEall,123,FVE_all_FST,32,0.008852006,22,0.006085754,10,0.002766252
FVEall,152,FVE_all_TF,30,0.008298755,17,0.004702628,13,0.003596127
FVEall,137,FVE_all_PIR,27,0.007468880,12,0.003319502,15,0.004149378
FVEall,29,FVE_AUD,25,0.006915629,10,0.002766252,15,0.004149378
FVEall,102,FVE_all_3b,25,0.006915629,12,0.003319502,13,0.003596127
FVEall,148,FVE_all_SII,25,0.006915629,12,0.003319502,13,0.003596127
FVEall,104,FVE_all_45,22,0.006085754,14,0.003872752,8,0.002213001
FVEall,106,FVE_all_5,19,0.005255878,3,0.000829876,16,0.004426003
FVEall,91,FVE_all_14,18,0.004979253,6,0.001659751,12,0.003319502
FVEall,160,FVE_all_V4t,18,0.004979253,12,0.003319502,6,0.001659751
FVEall,117,FVE_all_CITd,16,0.004426003,13,0.003596127,3,0.000829876
FVEall,133,FVE_all_MT,16,0.004426003,10,0.002766252,6,0.001659751
FVEall,112,FVE_all_AITd,15,0.004149378,10,0.002766252,5,0.001383126
FVEall,153,FVE_all_TH,14,0.003872752,9,0.002489627,5,0.001383126
FVEall,88,FVE_all_11,11,0.003042877,7,0.001936376,4,0.001106501
FVEall,158,FVE_all_V3A,10,0.002766252,3,0.000829876,7,0.001936376
FVEall,142,FVE_all_PaS,9,0.002489627,9,0.002489627,0,0.000000000
FVEall,113,FVE_all_AITv,8,0.002213001,6,0.001659751,2,0.000553250
FVEall,157,FVE_all_V3,8,0.002213001,3,0.000829876,5,0.001383126
FVEall,163,FVE_all_VP,8,0.002213001,3,0.000829876,5,0.001383126
FVEall,89,FVE_all_12,7,0.001936376,4,0.001106501,3,0.000829876
FVEall,136,FVE_all_PIP,7,0.001936376,1,0.000276625,6,0.001659751
FVEall,96,FVE_all_29,6,0.001659751,2,0.000553250,4,0.001106501
FVEall,139,FVE_all_PITv,6,0.001659751,1,0.000276625,5,0.001383126
FVEall,144,FVE_all_Pro,6,0.001659751,1,0.000276625,5,0.001383126
FVEall,95,FVE_all_25,4,0.001106501,4,0.001106501,0,0.000000000
FVEall,143,FVE_all_PrS,4,0.001106501,4,0.001106501,0,0.000000000
FVEall,162,FVE_all_VOT,4,0.001106501,3,0.000829876,1,0.000276625
FVEall,51,FVE_Motor,3,0.000829876,1,0.000276625,2,0.000553250
FVEall,120,FVE_all_DP,3,0.000829876,1,0.000276625,2,0.000553250
FVEall,161,FVE_all_VIP,3,0.000829876,0,0.000000000,3,0.000829876
FVEall,70,FVE_STPa,2,0.000553250,1,0.000276625,1,0.000276625
FVEall,85,FVE_Visual,2,0.000553250,2,0.000553250,0,0.000000000
FVEall,90,FVE_all_13,2,0.000553250,1,0.000276625,1,0.000276625
FVEall,20,FVE_46,1,0.000276625,1,0.000276625,0,0.000000000
FVEall,30,FVE_Auditory,1,0.000276625,1,0.000276625,0,0.000000000
FVEall,128,FVE_all_LIP,1,0.000276625,0,0.000000000,1,0.000276625
FVEall,129,FVE_all_MDP,1,0.000276625,0,0.000000000,1,0.000276625
FVEall,141,FVE_all_PSd,1,0.000276625,0,0.000000000,1,0.000276625
FVEall,2,FVE_10,0,0.000000000,0,0.000000000,0,0.000000000
FVEall,3,FVE_11,0,0.000000000,0,0.000000000,0,0.000000000
FVEall,4,FVE_12,0,0.000000000,0,0.000000000,0,0.000000000
FVEall,5,FVE_13,0,0.000000000,0,0.000000000,0,0.000000000
FVEall,6,FVE_14,0,0.000000000,0,0.000000000,0,0.000000000
FVEall,7,FVE_2,0,0.000000000,0,0.000000000,0,0.000000000
FVEall,8,FVE_23,0,0.000000000,0,0.000000000,0,0.000000000
FVEall,9,FVE_24,0,0.000000000,0,0.000000000,0,0.000000000
FVEall,10,FVE_25,0,0.000000000,0,0.000000000,0,0.000000000
FVEall,11,FVE_29,0,0.000000000,0,0.000000000,0,0.000000000
FVEall,12,FVE_30,0,0.000000000,0,0.000000000,0,0.000000000
FVEall,13,FVE_32,0,0.000000000,0,0.000000000,0,0.000000000
FVEall,14,FVE_35,0,0.000000000,0,0.000000000,0,0.000000000
FVEall,15,FVE_36,0,0.000000000,0,0.000000000,0,0.000000000
FVEall,16,FVE_3a,0,0.000000000,0,0.000000000,0,0.000000000
FVEall,17,FVE_3b,0,0.000000000,0,0.000000000,0,0.000000000
FVEall,18,FVE_4,0,0.000000000,0,0.000000000,0,0.000000000
FVEall,19,FVE_45,0,0.000000000,0,0.000000000,0,0.000000000
FVEall,21,FVE_5,0,0.000000000,0,0.000000000,0,0.000000000
FVEall,22,FVE_6,0,0.000000000,0,0.000000000,0,0.000000000
FVEall,23,FVE_7a,0,0.000000000,0,0.000000000,0,0.000000000
FVEall,24,FVE_7b,0,0.000000000,0,0.000000000,0,0.000000000
FVEall,25,FVE_9,0,0.000000000,0,0.000000000,0,0.000000000
FVEall,26,FVE_AI,0,0.000000000,0,0.000000000,0,0.000000000
FVEall,27,FVE_AITd,0,0.000000000,0,0.000000000,0,0.000000000
FVEall,28,FVE_AITv,0,0.000000000,0,0.000000000,0,0.000000000
FVEall,31,FVE_CA1,0,0.000000000,0,0.000000000,0,0.000000000
FVEall,32,FVE_CA3,0,0.000000000,0,0.000000000,0,0.000000000
FVEall,33,FVE_CITd,0,0.000000000,0,0.000000000,0,0.000000000
FVEall,34,FVE_CITv,0,0.000000000,0,0.000000000,0,0.000000000
FVEall,35,FVE_CM,0,0.000000000,0,0.000000000,0,0.000000000
FVEall,36,FVE_Cognitive_Emotional_Limbic,0,0.000000000,0,0.000000000,0,0.000000000
FVEall,37,FVE_DP,0,0.000000000,0,0.000000000,0,0.000000000
FVEall,38,FVE_ER,0,0.000000000,0,0.000000000,0,0.000000000
FVEall,39,FVE_FEF,0,0.000000000,0,0.000000000,0,0.000000000
FVEall,40,FVE_FST,0,0.000000000,0,0.000000000,0,0.000000000
FVEall,41,FVE_G,0,0.000000000,0,0.000000000,0,0.000000000
FVEall,42,FVE_Id,0,0.000000000,0,0.000000000,0,0.000000000
FVEall,43,FVE_Ig,0,0.000000000,0,0.000000000,0,0.000000000
FVEall,44,FVE_L,0,0.000000000,0,0.000000000,0,0.000000000
FVEall,45,FVE_LIP,0,0.000000000,0,0.000000000,0,0.000000000
FVEall,46,FVE_MDP,0,0.000000000,0,0.000000000,0,0.000000000
FVEall,47,FVE_MIP,0,0.000000000,0,0.000000000,0,0.000000000
FVEall,48,FVE_MSTd,0,0.000000000,0,0.000000000,0,0.000000000
FVEall,49,FVE_MSTl,0,0.000000000,0,0.000000000,0,0.000000000
FVEall,50,FVE_MT,0,0.000000000,0,0.000000000,0,0.000000000
FVEall,52,FVE_Olfactory,0,0.000000000,0,0.000000000,0,0.000000000
FVEall,53,FVE_PA,0,0.000000000,0,0.000000000,0,0.000000000
FVEall,54,FVE_PAC,0,0.000000000,0,0.000000000,0,0.000000000
FVEall,55,FVE_PIP,0,0.000000000,0,0.000000000,0,0.000000000
FVEall,56,FVE_PIR,0,0.000000000,0,0.000000000,0,0.000000000
FVEall,57,FVE_PITd,0,0.000000000,0,0.000000000,0,0.000000000
FVEall,58,FVE_PITv,0,0.000000000,0,0.000000000,0,0.000000000
FVEall,59,FVE_PO,0,0.000000000,0,0.000000000,0,0.000000000
FVEall,60,FVE_PS,0,0.000000000,0,0.000000000,0,0.000000000
FVEall,61,FVE_PaS,0,0.000000000,0,0.000000000,0,0.000000000
FVEall,62,FVE_Pall,0,0.000000000,0,0.000000000,0,0.000000000
FVEall,63,FVE_PrS,0,0.000000000,0,0.000000000,0,0.000000000
FVEall,64,FVE_Pro,0,0.000000000,0,0.000000000,0,0.000000000
FVEall,65,FVE_RL,0,0.000000000,0,0.000000000,0,0.000000000
FVEall,66,FVE_Ri,0,0.000000000,0,0.000000000,0,0.000000000
FVEall,67,FVE_S,0,0.000000000,0,0.000000000,0,0.000000000
FVEall,68,FVE_SII,0,0.000000000,0,0.000000000,0,0.000000000
FVEall,69,FVE_SMA,0,0.000000000,0,0.000000000,0,0.000000000
FVEall,71,FVE_STPp,0,0.000000000,0,0.000000000,0,0.000000000
FVEall,72,FVE_Somatosensory,0,0.000000000,0,0.000000000,0,0.000000000
FVEall,73,FVE_TF,0,0.000000000,0,0.000000000,0,0.000000000
FVEall,74,FVE_TH,0,0.000000000,0,0.000000000,0,0.000000000
FVEall,75,FVE_Unassigned,0,0.000000000,0,0.000000000,0,0.000000000
FVEall,76,FVE_V1,0,0.000000000,0,0.000000000,0,0.000000000
FVEall,77,FVE_V2,0,0.000000000,0,0.000000000,0,0.000000000
FVEall,78,FVE_V3,0,0.000000000,0,0.000000000,0,0.000000000
FVEall,79,FVE_V3A,0,0.000000000,0,0.000000000,0,0.000000000
FVEall,80,FVE_V4,0,0.000000000,0,0.000000000,0,0.000000000
FVEall,81,FVE_V4t,0,0.000000000,0,0.000000000,0,0.000000000
FVEall,82,FVE_VIP,0,0.000000000,0,0.000000000,0,0.000000000
FVEall,83,FVE_VOT,0,0.000000000,0,0.000000000,0,0.000000000
FVEall,84,FVE_VP,0,0.000000000,0,0.000000000,0,0.000000000
FVEall,97,FVE_all_30,0,0.000000000,0,0.000000000,0,0.000000000
FVEall,98,FVE_all_32,0,0.000000000,0,0.000000000,0,0.000000000
FVEall,101,FVE_all_3a,0,0.000000000,0,0.000000000,0,0.000000000
FVEall,111,FVE_all_A1,0,0.000000000,0,0.000000000,0,0.000000000
FVEall,115,FVE_all_CA1,0,0.000000000,0,0.000000000,0,0.000000000
FVEall,116,FVE_all_CA3,0,0.000000000,0,0.000000000,0,0.000000000
FVEall,119,FVE_all_CM,0,0.000000000,0,0.000000000,0,0.000000000
FVEall,124,FVE_all_G,0,0.000000000,0,0.000000000,0,0.000000000
FVEall,125,FVE_all_Id,0,0.000000000,0,0.000000000,0,0.000000000
FVEall,126,FVE_all_Ig,0,0.000000000,0,0.000000000,0,0.000000000
FVEall,127,FVE_all_L,0,0.000000000,0,0.000000000,0,0.000000000
FVEall,131,FVE_all_MSTd,0,0.000000000,0,0.000000000,0,0.000000000
FVEall,134,FVE_all_PA,0,0.000000000,0,0.000000000,0,0.000000000
FVEall,140,FVE_all_PO,0,0.000000000,0,0.000000000,0,0.000000000
FVEall,145,FVE_all_RL,0,0.000000000,0,0.000000000,0,0.000000000
FVEall,146,FVE_all_Ri,0,0.000000000,0,0.000000000,0,0.000000000
FVEall,147,FVE_all_S,0,0.000000000,0,0.000000000,0,0.000000000
FVEall,155,FVE_all_V1,0,0.000000000,0,0.000000000,0,0.000000000
LVE00,77,LVE00_Unassigned,1091,0.301798064,657,0.181742739,434,0.120055325
LVE00,72,LVE00_TPOc,317,0.087690180,187,0.051728907,130,0.035961272
LVE00,66,LVE00_TAa,153,0.042323651,103,0.028492393,50,0.013831259
LVE00,76,LVE00_Ts,152,0.042047026,105,0.029045643,47,0.013001383
LVE00,48,LVE00_IPa,114,0.031535270,83,0.022959889,31,0.008575380
LVE00,63,LVE00_PrCO,113,0.031258645,59,0.016320885,54,0.014937759
LVE00,36,LVE00_7op,108,0.029875519,53,0.014661134,55,0.015214385
LVE00,34,LVE00_7a,74,0.020470263,23,0.006362379,51,0.014107884
LVE00,5,LVE00_12,63,0.017427386,27,0.007468880,36,0.009958506
LVE00,83,LVE00_V4,62,0.017150761,29,0.008022130,33,0.009128631
LVE00,65,LVE00_S2,57,0.015767635,25,0.006915629,32,0.008852006
LVE00,80,LVE00_V2v,55,0.015214385,16,0.004426003,39,0.010788382
LVE00,10,LVE00_2,54,0.014937759,19,0.005255878,35,0.009681881
LVE00,75,LVE00_Tpt,51,0.014107884,29,0.008022130,22,0.006085754
LVE00,11,LVE00_23,48,0.013278008,23,0.006362379,25,0.006915629
LVE00,21,LVE00_45,48,0.013278008,25,0.006915629,23,0.006362379
LVE00,70,LVE00_TEa_m,47,0.013001383,29,0.008022130,18,0.004979253
LVE00,33,LVE00_6Vb,46,0.012724758,21,0.005809129,25,0.006915629
LVE00,35,LVE00_7b,46,0.012724758,22,0.006085754,24,0.006639004
LVE00,32,LVE00_6Vam,42,0.011618257,12,0.003319502,30,0.008298755
LVE00,59,LVE00_PA,38,0.010511757,18,0.004979253,20,0.005532503
LVE00,0,,37,0.010235131,11,0.003042877,26,0.007192254
LVE00,22,LVE00_46p,36,0.009958506,12,0.003319502,24,0.006639004
LVE00,38,LVE00_8Ac,33,0.009128631,19,0.005255878,14,0.003872752
LVE00,1,LVE00_1,32,0.008852006,13,0.003596127,19,0.005255878
LVE00,58,LVE00_MT,32,0.008852006,23,0.006362379,9,0.002489627
LVE00,56,LVE00_MSTdp,31,0.008575380,13,0.003596127,18,0.004979253
LVE00,62,LVE00_Pi,31,0.008575380,25,0.006915629,6,0.001659751
LVE00,84,LVE00_V4ta,31,0.008575380,15,0.004149378,16,0.004426003
LVE00,19,LVE00_3b,29,0.008022130,10,0.002766252,19,0.005255878
LVE00,64,LVE00_Ri,29,0.008022130,16,0.004426003,13,0.003596127
LVE00,30,LVE00_6M,27,0.007468880,10,0.002766252,17,0.004702628
LVE00,41,LVE00_9,27,0.007468880,3,0.000829876,24,0.006639004
LVE00,79,LVE00_V2d,26,0.007192254,7,0.001936376,19,0.005255878
LVE00,6,LVE00_13a_b,25,0.006915629,15,0.004149378,10,0.002766252
LVE00,42,LVE00_A1,25,0.006915629,14,0.003872752,11,0.003042877
LVE00,25,LVE00_5D,22,0.006085754,11,0.003042877,11,0.003042877
LVE00,31,LVE00_6Val,22,0.006085754,10,0.002766252,12,0.003319502
LVE00,68,LVE00_TE1_3d,21,0.005809129,14,0.003872752,7,0.001936376
LVE00,13,LVE00_24d,20,0.005532503,3,0.000829876,17,0.004702628
LVE00,55,LVE00_MSTda,20,0.005532503,12,0.003319502,8,0.002213001
LVE00,7,LVE00_13l,17,0.004702628,10,0.002766252,7,0.001936376
LVE00,43,LVE00_AIP,15,0.004149378,7,0.001936376,8,0.002213001
LVE00,28,LVE00_6DR,14,0.003872752,2,0.000553250,12,0.003319502
LVE00,46,LVE00_FST,14,0.003872752,7,0.001936376,7,0.001936376
LVE00,3,LVE00_11l,13,0.003596127,10,0.002766252,3,0.000829876
LVE00,23,LVE00_46v,13,0.003596127,4,0.001106501,9,0.002489627
LVE00,53,LVE00_MDP,13,0.003596127,3,0.000829876,10,0.002766252
LVE00,20,LVE00_4,12,0.003319502,0,0.000000000,12,0.003319502
LVE00,29,LVE00_6Ds,12,0.003319502,5,0.001383126,7,0.001936376
LVE00,17,LVE00_36,11,0.003042877,10,0.002766252,1,0.000276625
LVE00,16,LVE00_35,10,0.002766252,8,0.002213001,2,0.000553250
LVE00,27,LVE00_6DC,10,0.002766252,2,0.000553250,8,0.002213001
LVE00,71,LVE00_TF,10,0.002766252,6,0.001659751,4,0.001106501
LVE00,81,LVE00_V3,10,0.002766252,4,0.001106501,6,0.001659751
LVE00,89,LVE00_VP,10,0.002766252,3,0.000829876,7,0.001936376
LVE00,9,LVE00_14r,9,0.002489627,3,0.000829876,6,0.001659751
LVE00,40,LVE00_8As,9,0.002489627,1,0.000276625,8,0.002213001
LVE00,69,LVE00_TE1_3v,9,0.002489627,7,0.001936376,2,0.000553250
LVE00,82,LVE00_V3A,9,0.002489627,1,0.000276625,8,0.002213001
LVE00,12,LVE00_24ab,8,0.002213001,2,0.000553250,6,0.001659751
LVE00,4,LVE00_11m,7,0.001936376,4,0.001106501,3,0.000829876
LVE00,86,LVE00_VIPl,7,0.001936376,1,0.000276625,6,0.001659751
LVE00,39,LVE00_8Am,6,0.001659751,1,0.000276625,5,0.001383126
LVE00,50,LVE00_LIPd,5,0.001383126,4,0.001106501,1,0.000276625
LVE00,88,LVE00_VOT,5,0.001383126,1,0.000276625,4,0.001106501
LVE00,26,LVE00_5V,4,0.001106501,0,0.000000000,4,0.001106501
LVE00,52,LVE00_LOP,4,0.001106501,0,0.000000000,4,0.001106501
LVE00,18,LVE00_3a,3,0.000829876,0,0.000000000,3,0.000829876
LVE00,54,LVE00_MIP,2,0.000553250,0,0.000000000,2,0.000553250
LVE00,67,LVE00_TE1_3,2,0.000553250,0,0.000000000,2,0.000553250
LVE00,78,LVE00_V1,2,0.000553250,0,0.000000000,2,0.000553250
LVE00,2,LVE00_10m,1,0.000276625,1,0.000276625,0,0.000000000
LVE00,14,LVE00_31,1,0.000276625,0,0.000000000,1,0.000276625
LVE00,15,LVE00_32,1,0.000276625,0,0.000000000,1,0.000276625
LVE00,51,LVE00_LIPv,1,0.000276625,0,0.000000000,1,0.000276625
LVE00,60,LVE00_PIP,1,0.000276625,0,0.000000000,1,0.000276625
LVE00,8,LVE00_13m,0,0.000000000,0,0.000000000,0,0.000000000
LVE00,24,LVE00_4C,0,0.000000000,0,0.000000000,0,0.000000000
LVE00,37,LVE00_7t,0,0.000000000,0,0.000000000,0,0.000000000
LVE00,44,LVE00_DP,0,0.000000000,0,0.000000000,0,0.000000000
LVE00,45,LVE00_ER,0,0.000000000,0,0.000000000,0,0.000000000
LVE00,47,LVE00_G,0,0.000000000,0,0.000000000,0,0.000000000
LVE00,49,LVE00_Ig_Id,0,0.000000000,0,0.000000000,0,0.000000000
LVE00,57,LVE00_MSTm,0,0.000000000,0,0.000000000,0,0.000000000
LVE00,61,LVE00_PO,0,0.000000000,0,0.000000000,0,0.000000000
LVE00,73,LVE00_TPOi,0,0.000000000,0,0.000000000,0,0.000000000
LVE00,74,LVE00_TPOr,0,0.000000000,0,0.000000000,0,0.000000000
LVE00,85,LVE00_V4tp,0,0.000000000,0,0.000000000,0,0.000000000
LVE00,87,LVE00_VIPm,0,0.000000000,0,0.000000000,0,0.000000000
PHT00,156,PHT00_TPO,347,0.095988935,216,0.059751037,131,0.036237898
PHT00,139,PHT00_TAa,168,0.046473029,106,0.029322268,62,0.017150761
PHT00,108,PHT00_PGOp,159,0.043983402,71,0.019640387,88,0.024343015
PHT00,138,PHT00_ST3,111,0.030705394,71,0.019640387,40,0.011065007
PHT00,95,PHT00_MT_V5_,103,0.028492393,62,0.017150761,41,0.011341632
PHT00,53,PHT00_6VR_F5_,97,0.026832642,54,0.014937759,43,0.011894882
PHT00,163,PHT00_V2,94,0.026002766,29,0.008022130,65,0.017980636
PHT00,116,PHT00_PaAL,93,0.025726141,60,0.016597510,33,0.009128631
PHT00,136,PHT00_ST2G,84,0.023236515,54,0.014937759,30,0.008298755
PHT00,45,PHT00_47_12_L,83,0.022959889,45,0.012448133,38,0.010511757
PHT00,154,PHT00_TLR_36R_,79,0.021853389,56,0.015491010,23,0.006362379
PHT00,160,PHT00_TPt,78,0.021576763,42,0.011618257,36,0.009958506
PHT00,15,PHT00_2,67,0.018533887,24,0.006639004,43,0.011894882
PHT00,109,PHT00_PGa,66,0.018257261,44,0.012171508,22,0.006085754
PHT00,0,,58,0.016044260,36,0.009958506,22,0.006085754
PHT00,118,PHT00_PaIM,57,0.015767635,35,0.009681881,22,0.006085754
PHT00,125,PHT00_ProM,56,0.015491010,38,0.010511757,18,0.004979253
PHT00,56,PHT00_8AD,54,0.014937759,25,0.006915629,29,0.008022130
PHT00,46,PHT00_47_12_O,48,0.013278008,32,0.008852006,16,0.004426003
PHT00,88,PHT00_FST,48,0.013278008,28,0.007745505,20,0.005532503
PHT00,159,PHT00_TPPro,48,0.013278008,24,0.006639004,24,0.006639004
PHT00,86,PHT00_EOI,47,0.013001383,31,0.008575380,16,0.004426003
PHT00,32,PHT00_2_1,46,0.012724758,20,0.005532503,26,0.007192254
PHT00,115,PHT00_PaAC,46,0.012724758,23,0.006362379,23,0.006362379
PHT00,135,PHT00_ST1,44,0.012171508,40,0.011065007,4,0.001106501
PHT00,106,PHT00_PG,42,0.011618257,14,0.003872752,28,0.007745505
PHT00,169,PHT00_V4D,41,0.011341632,19,0.005255878,22,0.006085754
PHT00,6,PHT00_11,39,0.010788382,24,0.006639004,15,0.004149378
PHT00,91,PHT00_IPa,38,0.010511757,34,0.009405256,4,0.001106501
PHT00,39,PHT00_44,36,0.009958506,9,0.002489627,27,0.007468880
PHT00,41,PHT00_45B,34,0.009405256,18,0.004979253,16,0.004426003
PHT00,133,PHT00_S2E,34,0.009405256,9,0.002489627,25,0.006915629
PHT00,51,PHT00_6M,32,0.008852006,6,0.001659751,26,0.007192254
PHT00,87,PHT00_ER,32,0.008852006,27,0.007468880,5,0.001383126
PHT00,166,PHT00_V3V,32,0.008852006,16,0.004426003,16,0.004426003
PHT00,124,PHT00_ProKM,30,0.008298755,22,0.006085754,8,0.002213001
PHT00,171,PHT00_V4V,30,0.008298755,11,0.003042877,19,0.005255878
PHT00,1,PHT00_1,28,0.007745505,10,0.002766252,18,0.004979253
PHT00,19,PHT00_23c,28,0.007745505,15,0.004149378,13,0.003596127
PHT00,107,PHT00_PGM,28,0.007745505,7,0.001936376,21,0.005809129
PHT00,162,PHT00_V1,24,0.006639004,4,0.001106501,20,0.005532503
PHT00,37,PHT00_3a,22,0.006085754,10,0.002766252,12,0.003319502
PHT00,50,PHT00_6DR_F7_,22,0.006085754,9,0.002489627,13,0.003596127
PHT00,70,PHT00_AKM,22,0.006085754,14,0.003872752,8,0.002213001
PHT00,137,PHT00_ST2S,22,0.006085754,15,0.004149378,7,0.001936376
PHT00,38,PHT00_3b,20,0.005532503,9,0.002489627,11,0.003042877
PHT00,117,PHT00_PaAR,20,0.005532503,10,0.002766252,10,0.002766252
PHT00,145,PHT00_TEOM,20,0.005532503,9,0.002489627,11,0.003042877
PHT00,47,PHT00_4_F1_,18,0.004979253,0,0.000000000,18,0.004979253
PHT00,43,PHT00_46V,17,0.004702628,8,0.002213001,9,0.002489627
PHT00,44,PHT00_47_12_,17,0.004702628,9,0.002489627,8,0.002213001
PHT00,58,PHT00_8B,17,0.004702628,3,0.000829876,14,0.003872752
PHT00,60,PHT00_9L,17,0.004702628,2,0.000553250,15,0.004149378
PHT00,123,PHT00_ProKL,17,0.004702628,4,0.001106501,13,0.003596127
PHT00,142,PHT00_TE3,17,0.004702628,10,0.002766252,7,0.001936376
PHT00,57,PHT00_8AV,16,0.004426003,7,0.001936376,9,0.002489627
PHT00,143,PHT00_TEM,16,0.004426003,10,0.002766252,6,0.001659751
PHT00,158,PHT00_TPPAI,16,0.004426003,8,0.002213001,8,0.002213001
PHT00,40,PHT00_45A,15,0.004149378,4,0.001106501,11,0.003042877
PHT00,42,PHT00_46D,15,0.004149378,6,0.001659751,9,0.002489627
PHT00,54,PHT00_6_32,15,0.004149378,2,0.000553250,13,0.003596127
PHT00,69,PHT00_AKL,15,0.004149378,10,0.002766252,5,0.001383126
PHT00,85,PHT00_ELR,15,0.004149378,11,0.003042877,4,0.001106501
PHT00,94,PHT00_MST,15,0.004149378,9,0.002489627,6,0.001659751
PHT00,98,PHT00_OPro,15,0.004149378,7,0.001936376,8,0.002213001
PHT00,101,PHT00_PECg,15,0.004149378,9,0.002489627,6,0.001659751
PHT00,18,PHT00_23b,14,0.003872752,8,0.002213001,6,0.001659751
PHT00,52,PHT00_6VC_F4_,14,0.003872752,8,0.002213001,6,0.001659751
PHT00,164,PHT00_V3A,14,0.003872752,5,0.001383126,9,0.002489627
PHT00,84,PHT00_ELC,13,0.003596127,12,0.003319502,1,0.000276625
PHT00,102,PHT00_PEa,13,0.003596127,2,0.000553250,11,0.003042877
PHT00,165,PHT00_V3D,13,0.003596127,5,0.001383126,8,0.002213001
PHT00,36,PHT00_35,12,0.003319502,9,0.002489627,3,0.000829876
PHT00,55,PHT00_8A,12,0.003319502,5,0.001383126,7,0.001936376
PHT00,61,PHT00_9M,12,0.003319502,1,0.000276625,11,0.003042877
PHT00,112,PHT00_POaE,12,0.003319502,8,0.002213001,4,0.001106501
PHT00,146,PHT00_TEa,12,0.003319502,8,0.002213001,4,0.001106501
PHT00,48,PHT00_6DC_F2_,11,0.003042877,2,0.000553250,9,0.002489627
PHT00,105,PHT00_PFOp,11,0.003042877,7,0.001936376,4,0.001106501
PHT00,140,PHT00_TE1,11,0.003042877,9,0.002489627,2,0.000553250
PHT00,152,PHT00_THO,11,0.003042877,9,0.002489627,2,0.000553250
PHT00,11,PHT00_13M,10,0.002766252,6,0.001659751,4,0.001106501
PHT00,27,PHT00_25,10,0.002766252,6,0.001659751,4,0.001106501
PHT00,63,PHT00_9_46,10,0.002766252,3,0.000829876,7,0.001936376
PHT00,71,PHT00_APir,10,0.002766252,3,0.000829876,7,0.001936376
PHT00,103,PHT00_PFCx,10,0.002766252,8,0.002213001,2,0.000553250
PHT00,141,PHT00_TE2,10,0.002766252,7,0.001936376,3,0.000829876
PHT00,144,PHT00_TEO,9,0.002489627,2,0.000553250,7,0.001936376
PHT00,12,PHT00_13a,8,0.002213001,4,0.001106501,4,0.001106501
PHT00,14,PHT00_14O,8,0.002213001,3,0.000829876,5,0.001383126
PHT00,121,PHT00_PrS,8,0.002213001,7,0.001936376,1,0.000276625
PHT00,157,PHT00_TPOC,8,0.002213001,3,0.000829876,5,0.001383126
PHT00,24,PHT00_24b,7,0.001936376,0,0.000000000,7,0.001936376
PHT00,30,PHT00_29d,7,0.001936376,4,0.001106501,3,0.000829876
PHT00,81,PHT00_EC,7,0.001936376,5,0.001383126,2,0.000553250
PHT00,90,PHT00_Gu,7,0.001936376,4,0.001106501,3,0.000829876
PHT00,129,PHT00_ReIP,7,0.001936376,4,0.001106501,3,0.000829876
PHT00,3,PHT00_10D,6,0.001659751,0,0.000000000,6,0.001659751
PHT00,23,PHT00_24a,6,0.001659751,1,0.000276625,5,0.001383126
PHT00,25,PHT00_24c,6,0.001659751,2,0.000553250,4,0.001106501
PHT00,62,PHT00_9_32,6,0.001659751,0,0.000000000,6,0.001659751
PHT00,65,PHT00_9_46V,6,0.001659751,3,0.000829876,3,0.000829876
PHT00,100,PHT00_PEC,6,0.001659751,2,0.000553250,4,0.001106501
PHT00,113,PHT00_POaI,6,0.001659751,0,0.000000000,6,0.001659751
PHT00,114,PHT00_PPt,6,0.001659751,3,0.000829876,3,0.000829876
PHT00,80,PHT00_DPt,5,0.001383126,2,0.000553250,3,0.000829876
PHT00,111,PHT00_POa,5,0.001383126,1,0.000276625,4,0.001106501
PHT00,119,PHT00_PaS,5,0.001383126,5,0.001383126,0,0.000000000
PHT00,7,PHT00_11L,4,0.001106501,2,0.000553250,2,0.000553250
PHT00,9,PHT00_13,4,0.001106501,0,0.000000000,4,0.001106501
PHT00,10,PHT00_13L,4,0.001106501,4,0.001106501,0,0.000000000
PHT00,13,PHT00_14M,4,0.001106501,1,0.000276625,3,0.000829876
PHT00,17,PHT00_23a,4,0.001106501,3,0.000829876,1,0.000276625
PHT00,83,PHT00_EI,4,0.001106501,4,0.001106501,0,0.000000000
PHT00,92,PHT00_IPro,4,0.001106501,4,0.001106501,0,0.000000000
PHT00,8,PHT00_11M,3,0.000829876,2,0.000553250,1,0.000276625
PHT00,33,PHT00_30,3,0.000829876,2,0.000553250,1,0.000276625
PHT00,34,PHT00_31,3,0.000829876,0,0.000000000,3,0.000829876
PHT00,64,PHT00_9_46D,3,0.000829876,0,0.000000000,3,0.000829876
PHT00,79,PHT00_DIP,3,0.000829876,0,0.000000000,3,0.000829876
PHT00,82,PHT00_ECL,3,0.000829876,3,0.000829876,0,0.000000000
PHT00,99,PHT00_PE,3,0.000829876,0,0.000000000,3,0.000829876
PHT00,128,PHT00_ReI,3,0.000829876,1,0.000276625,2,0.000553250
PHT00,132,PHT00_S2,3,0.000829876,1,0.000276625,2,0.000553250
PHT00,168,PHT00_V4A,3,0.000829876,0,0.000000000,3,0.000829876
PHT00,4,PHT00_10M,2,0.000553250,0,0.000000000,2,0.000553250
PHT00,21,PHT00_24_23b,2,0.000553250,0,0.000000000,2,0.000553250
PHT00,29,PHT00_29a-c,2,0.000553250,1,0.000276625,1,0.000276625
PHT00,59,PHT00_8_32,2,0.000553250,0,0.000000000,2,0.000553250
PHT00,104,PHT00_PFG,2,0.000553250,1,0.000276625,1,0.000276625
PHT00,120,PHT00_Pir,2,0.000553250,1,0.000276625,1,0.000276625
PHT00,150,PHT00_TFO,2,0.000553250,1,0.000276625,1,0.000276625
PHT00,170,PHT00_V4T,2,0.000553250,1,0.000276625,1,0.000276625
PHT00,2,PHT00_10,1,0.000276625,0,0.000000000,1,0.000276625
PHT00,5,PHT00_10V,1,0.000276625,0,0.000000000,1,0.000276625
PHT00,16,PHT00_23,1,0.000276625,0,0.000000000,1,0.000276625
PHT00,26,PHT00_24d,1,0.000276625,0,0.000000000,1,0.000276625
PHT00,28,PHT00_29a,1,0.000276625,0,0.000000000,1,0.000276625
PHT00,31,PHT00_2Ve,1,0.000276625,1,0.000276625,0,0.000000000
PHT00,35,PHT00_32,1,0.000276625,0,0.000000000,1,0.000276625
PHT00,127,PHT00_ProSt,1,0.000276625,0,0.000000000,1,0.000276625
PHT00,147,PHT00_TF,1,0.000276625,1,0.000276625,0,0.000000000
PHT00,148,PHT00_TFL,1,0.000276625,1,0.000276625,0,0.000000000
PHT00,151,PHT00_TH,1,0.000276625,1,0.000276625,0,0.000000000
PHT00,172,PHT00_VACo,1,0.000276625,0,0.000000000,1,0.000276625
PHT00,20,PHT00_24_23a,0,0.000000000,0,0.000000000,0,0.000000000
PHT00,22,PHT00_24_23c,0,0.000000000,0,0.000000000,0,0.000000000
PHT00,49,PHT00_6DR,0,0.000000000,0,0.000000000,0,0.000000000
PHT00,66,PHT00_AHiMC,0,0.000000000,0,0.000000000,0,0.000000000
PHT00,67,PHT00_AHiPC,0,0.000000000,0,0.000000000,0,0.000000000
PHT00,68,PHT00_AI,0,0.000000000,0,0.000000000,0,0.000000000
PHT00,72,PHT00_BAOT,0,0.000000000,0,0.000000000,0,0.000000000
PHT00,73,PHT00_CA1,0,0.000000000,0,0.000000000,0,0.000000000
PHT00,74,PHT00_CA1_,0,0.000000000,0,0.000000000,0,0.000000000
PHT00,75,PHT00_CA2,0,0.000000000,0,0.000000000,0,0.000000000
PHT00,76,PHT00_CA3,0,0.000000000,0,0.000000000,0,0.000000000
PHT00,77,PHT00_CA4,0,0.000000000,0,0.000000000,0,0.000000000
PHT00,78,PHT00_DI,0,0.000000000,0,0.000000000,0,0.000000000
PHT00,89,PHT00_GI,0,0.000000000,0,0.000000000,0,0.000000000
PHT00,93,PHT00_JxSt,0,0.000000000,0,0.000000000,0,0.000000000
PHT00,96,PHT00_OPAI,0,0.000000000,0,0.000000000,0,0.000000000
PHT00,97,PHT00_OPT,0,0.000000000,0,0.000000000,0,0.000000000
PHT00,110,PHT00_PO,0,0.000000000,0,0.000000000,0,0.000000000
PHT00,122,PHT00_ProK,0,0.000000000,0,0.000000000,0,0.000000000
PHT00,126,PHT00_ProS,0,0.000000000,0,0.000000000,0,0.000000000
PHT00,130,PHT00_ReIT,0,0.000000000,0,0.000000000,0,0.000000000
PHT00,131,PHT00_S,0,0.000000000,0,0.000000000,0,0.000000000
PHT00,134,PHT00_S2I,0,0.000000000,0,0.000000000,0,0.000000000
PHT00,149,PHT00_TFM,0,0.000000000,0,0.000000000,0,0.000000000
PHT00,153,PHT00_TLO_36O_,0,0.000000000,0,0.000000000,0,0.000000000
PHT00,155,PHT00_TL_36_,0,0.000000000,0,0.000000000,0,0.000000000
PHT00,161,PHT00_TT,0,0.000000000,0,0.000000000,0,0.000000000
PHT00,167,PHT00_V4,0,0.000000000,0,0.000000000,0,0.000000000
PHT00,173,PHT00_VCo,0,0.000000000,0,0.000000000,0,0.000000000
PHT00,174,PHT00_VCoIn,0,0.000000000,0,0.000000000,0,0.000000000
PHT00,175,PHT00_VCoSu,0,0.000000000,0,0.000000000,0,0.000000000
PHT00,176,PHT00_VDB,0,0.000000000,0,0.000000000,0,0.000000000
PHT00,177,PHT00_X_,0,0.000000000,0,0.000000000,0,0.000000000
PHT00,178,PHT00_X_2,0,0.000000000,0,0.000000000,0,0.000000000
PHT00,179,PHT00_X_3,0,0.000000000,0,0.000000000,0,0.000000000
Brodmann,15,Brodmann_22,1329,0.367634855,857,0.237067773,472,0.130567082
Brodmann,25,Brodmann_6,327,0.090456432,163,0.045089903,164,0.045366528
Brodmann,11,Brodmann_19,262,0.072475795,127,0.035131397,135,0.037344398
Brodmann,0,,218,0.060304288,120,0.033195021,98,0.027109267
Brodmann,1,Brodmann_1,187,0.051728907,90,0.024896266,97,0.026832642
Brodmann,28,Brodmann_9,167,0.046196404,55,0.015214385,112,0.030982019
Brodmann,10,Brodmann_18,128,0.035408022,49,0.013554633,79,0.021853389
Brodmann,5,Brodmann_13,119,0.032918396,77,0.021300138,42,0.011618257
Brodmann,14,Brodmann_21,111,0.030705394,81,0.022406639,30,0.008298755
Brodmann,22,Brodmann_3,109,0.030152144,36,0.009958506,73,0.020193638
Brodmann,26,Brodmann_7,105,0.029045643,33,0.009128631,72,0.019917012
Brodmann,12,Brodmann_2,100,0.027662517,50,0.013831259,50,0.013831259
Brodmann,23,Brodmann_4,70,0.019363762,22,0.006085754,48,0.013278008
Brodmann,19,Brodmann_26,53,0.014661134,25,0.006915629,28,0.007745505
Brodmann,17,Brodmann_24,50,0.013831259,16,0.004426003,34,0.009405256
Brodmann,27,Brodmann_8,48,0.013278008,31,0.008575380,17,0.004702628
Brodmann,18,Brodmann_25,37,0.010235131,7,0.001936376,30,0.008298755
Brodmann,13,Brodmann_20,36,0.009958506,18,0.004979253,18,0.004979253
Brodmann,9,Brodmann_17,31,0.008575380,6,0.001659751,25,0.006915629
Brodmann,7,Brodmann_15,25,0.006915629,9,0.002489627,16,0.004426003
Brodmann,24,Brodmann_5,23,0.006362379,9,0.002489627,14,0.003872752
Brodmann,2,Brodmann_10,18,0.004979253,9,0.002489627,9,0.002489627
Brodmann,16,Brodmann_23,16,0.004426003,11,0.003042877,5,0.001383126
Brodmann,8,Brodmann_16,13,0.003596127,5,0.001383126,8,0.002213001
Brodmann,6,Brodmann_14,11,0.003042877,5,0.001383126,6,0.001659751
Brodmann,21,Brodmann_28,10,0.002766252,10,0.002766252,0,0.000000000
Brodmann,4,Brodmann_12,7,0.001936376,2,0.000553250,5,0.001383126
Brodmann,20,Brodmann_27,4,0.001106501,4,0.001106501,0,0.000000000
Brodmann,3,Brodmann_11,1,0.000276625,1,0.000276625,0,0.000000000
BoninBailey,20,BoninBailey_TA,1344,0.371784232,830,0.229598893,514,0.142185339
BoninBailey,3,BoninBailey_FC,321,0.088796680,176,0.048686030,145,0.040110650
BoninBailey,0,,314,0.086860304,203,0.056154910,111,0.030705394
BoninBailey,8,BoninBailey_LA,258,0.071369295,90,0.024896266,168,0.046473029
BoninBailey,19,BoninBailey_PG,221,0.061134163,95,0.026279391,126,0.034854772
BoninBailey,23,BoninBailey_TE,204,0.056431535,114,0.031535270,90,0.024896266
BoninBailey,16,BoninBailey_PC,169,0.046749654,62,0.017150761,107,0.029598893
BoninBailey,25,BoninBailey_TG,125,0.034578147,100,0.027662517,25,0.006915629
BoninBailey,11,BoninBailey_OA,103,0.028492393,45,0.012448133,58,0.016044260
BoninBailey,2,BoninBailey_FB,91,0.025172891,29,0.008022130,62,0.017150761
BoninBailey,12,BoninBailey_OB,87,0.024066390,26,0.007192254,61,0.016874136
BoninBailey,1,BoninBailey_FA,72,0.019917012,20,0.005532503,52,0.014384509
BoninBailey,17,BoninBailey_PE,66,0.018257261,23,0.006362379,43,0.011894882
BoninBailey,18,BoninBailey_PF,63,0.017427386,34,0.009405256,29,0.008022130
BoninBailey,13,BoninBailey_OC,39,0.010788382,7,0.001936376,32,0.008852006
BoninBailey,5,BoninBailey_FL,35,0.009681881,19,0.005255878,16,0.004426003
BoninBailey,9,BoninBailey_LC,32,0.008852006,17,0.004702628,15,0.004149378
BoninBailey,24,BoninBailey_TF,26,0.007192254,15,0.004149378,11,0.003042877
BoninBailey,4,BoninBailey_FF,18,0.004979253,7,0.001936376,11,0.003042877
BoninBailey,10,BoninBailey_LE,15,0.004149378,10,0.002766252,5,0.001383126
BoninBailey,26,BoninBailey_TH,6,0.001659751,4,0.001106501,2,0.000553250
BoninBailey,7,BoninBailey_IB,2,0.000553250,0,0.000000000,2,0.000553250
BoninBailey,15,BoninBailey_PB,2,0.000553250,0,0.000000000,2,0.000553250
BoninBailey,21,BoninBailey_TB,2,0.000553250,2,0.000553250,0,0.000000000
BoninBailey,6,BoninBailey_IA,0,0.000000000,0,0.000000000,0,0.000000000
BoninBailey,14,BoninBailey_PA,0,0.000000000,0,0.000000000,0,0.000000000
BoninBailey,22,BoninBailey_TC,0,0.000000000,0,0.000000000,0,0.000000000
FerryEtAl,0,,3349,0.926417704,1784,0.493499308,1565,0.432918396
FerryEtAl,5,FerryEtAl_00_12l,77,0.021300138,41,0.011341632,36,0.009958506
FerryEtAl,3,FerryEtAl_00_11l,58,0.016044260,36,0.009958506,22,0.006085754
FerryEtAl,8,FerryEtAl_00_12r,49,0.013554633,31,0.008575380,18,0.004979253
FerryEtAl,2,FerryEtAl_00_10o,22,0.006085754,12,0.003319502,10,0.002766252
FerryEtAl,14,FerryEtAl_00_14r,16,0.004426003,6,0.001659751,10,0.002766252
FerryEtAl,6,FerryEtAl_00_12m,15,0.004149378,7,0.001936376,8,0.002213001
FerryEtAl,7,FerryEtAl_00_12o,10,0.002766252,6,0.001659751,4,0.001106501
FerryEtAl,1,FerryEtAl_00_10m,4,0.001106501,1,0.000276625,3,0.000829876
FerryEtAl,10,FerryEtAl_00_13b,4,0.001106501,2,0.000553250,2,0.000553250
FerryEtAl,17,FerryEtAl_00_24c,4,0.001106501,0,0.000000000,4,0.001106501
FerryEtAl,11,FerryEtAl_00_13l,2,0.000553250,1,0.000276625,1,0.000276625
FerryEtAl,15,FerryEtAl_00_24a,2,0.000553250,0,0.000000000,2,0.000553250
FerryEtAl,12,FerryEtAl_00_13m,1,0.000276625,1,0.000276625,0,0.000000000
FerryEtAl,16,FerryEtAl_00_24b,1,0.000276625,0,0.000000000,1,0.000276625
FerryEtAl,20,FerryEtAl_00_Iai,1,0.000276625,0,0.000000000,1,0.000276625
FerryEtAl,4,FerryEtAl_00_11m,0,0.000000000,0,0.000000000,0,0.000000000
FerryEtAl,9,FerryEtAl_00_13a,0,0.000000000,0,0.000000000,0,0.000000000
FerryEtAl,13,FerryEtAl_00_14c,0,0.000000000,0,0.000000000,0,0.000000000
FerryEtAl,18,FerryEtAl_00_25,0,0.000000000,0,0.000000000,0,0.000000000
FerryEtAl,19,FerryEtAl_00_32,0,0.000000000,0,0.000000000,0,0.000000000
FerryEtAl,21,FerryEtAl_00_Ial,0,0.000000000,0,0.000000000,0,0.000000000
FerryEtAl,22,FerryEtAl_00_Iam,0,0.000000000,0,0.000000000,0,0.000000000
UD86,0,,3082,0.852558783,1661,0.459474412,1421,0.393084371
UD86,5,UD86_TEO,176,0.048686030,114,0.031535270,62,0.017150761
UD86,15,UD86_V4,119,0.032918396,55,0.015214385,64,0.017704011
UD86,11,UD86_V2,67,0.018533887,20,0.005532503,47,0.013001383
UD86,3,UD86_MT,31,0.008575380,18,0.004979253,13,0.003596127
UD86,10,UD86_V1,29,0.008022130,6,0.001659751,23,0.006362379
UD86,2,UD86_MST,27,0.007468880,12,0.003319502,15,0.004149378
UD86,9,UD86_TF,24,0.006639004,18,0.004979253,6,0.001659751
UD86,1,UD86_FST,23,0.006362379,15,0.004149378,8,0.002213001
UD86,13,UD86_V3d,21,0.005809129,4,0.001106501,17,0.004702628
UD86,4,UD86_PO,16,0.004426003,5,0.001383126,11,0.003042877
UD86,6,UD86_TEc,0,0.000000000,0,0.000000000,0,0.000000000
UD86,7,UD86_TEm,0,0.000000000,0,0.000000000,0,0.000000000
UD86,8,UD86_TEr,0,0.000000000,0,0.000000000,0,0.000000000
UD86,12,UD86_V3A,0,0.000000000,0,0.000000000,0,0.000000000
UD86,14,UD86_V3v,0,0.000000000,0,0.000000000,0,0.000000000
UD86,16,UD86_V4t,0,0.000000000,0,0.000000000,0,0.000000000
UD86,17,UD86_VIP,0,0.000000000,0,0.000000000,0,0.000000000
PGR91,0,,2958,0.818257261,1624,0.449239281,1334,0.369017981
PGR91,16,PGR91_46v,128,0.035408022,52,0.014384509,76,0.021023513
PGR91,18,PGR91_6D,69,0.019087137,34,0.009405256,35,0.009681881
PGR91,42,PGR91_PrCO,54,0.014937759,36,0.009958506,18,0.004979253
PGR91,23,PGR91_6Vb,45,0.012448133,31,0.008575380,14,0.003872752
PGR91,5,PGR91_13L,43,0.011894882,29,0.008022130,14,0.003872752
PGR91,2,PGR91_11,35,0.009681881,19,0.005255878,16,0.004426003
PGR91,19,PGR91_6Ds,28,0.007745505,12,0.003319502,16,0.004426003
PGR91,31,PGR91_9d,22,0.006085754,4,0.001106501,18,0.004979253
PGR91,32,PGR91_9m,21,0.005809129,1,0.000276625,20,0.005532503
PGR91,3,PGR91_12orb,20,0.005532503,15,0.004149378,5,0.001383126
PGR91,22,PGR91_6Va,20,0.005532503,6,0.001659751,14,0.003872752
PGR91,1,PGR91_10,19,0.005255878,7,0.001936376,12,0.003319502
PGR91,39,PGR91_OFO,19,0.005255878,11,0.003042877,8,0.002213001
PGR91,28,PGR91_8Ar,18,0.004979253,7,0.001936376,11,0.003042877
PGR91,14,PGR91_46dr,16,0.004426003,8,0.002213001,8,0.002213001
PGR91,6,PGR91_13M,13,0.003596127,9,0.002489627,4,0.001106501
PGR91,15,PGR91_46r,11,0.003042877,5,0.001383126,6,0.001659751
PGR91,20,PGR91_6M,10,0.002766252,3,0.000829876,7,0.001936376
PGR91,30,PGR91_8Bm,9,0.002489627,3,0.000829876,6,0.001659751
PGR91,4,PGR91_12vl,8,0.002213001,1,0.000276625,7,0.001936376
PGR91,8,PGR91_14M,7,0.001936376,2,0.000553250,5,0.001383126
PGR91,41,PGR91_Para,7,0.001936376,0,0.000000000,7,0.001936376
PGR91,7,PGR91_14A,6,0.001659751,2,0.000553250,4,0.001106501
PGR91,27,PGR91_8Ac,6,0.001659751,2,0.000553250,4,0.001106501
PGR91,11,PGR91_24,4,0.001106501,1,0.000276625,3,0.000829876
PGR91,13,PGR91_46d,4,0.001106501,0,0.000000000,4,0.001106501
PGR91,10,PGR91_14VL,3,0.000829876,1,0.000276625,2,0.000553250
PGR91,12,PGR91_45,3,0.000829876,0,0.000000000,3,0.000829876
PGR91,9,PGR91_14V,2,0.000553250,2,0.000553250,0,0.000000000
PGR91,17,PGR91_46vr,2,0.000553250,1,0.000276625,1,0.000276625
PGR91,29,PGR91_8Bd,2,0.000553250,0,0.000000000,2,0.000553250
PGR91,34,PGR91_IG,2,0.000553250,0,0.000000000,2,0.000553250
PGR91,33,PGR91_FPC,1,0.000276625,0,0.000000000,1,0.000276625
PGR91,21,PGR91_6V,0,0.000000000,0,0.000000000,0,0.000000000
PGR91,24,PGR91_7al,0,0.000000000,0,0.000000000,0,0.000000000
PGR91,25,PGR91_7am,0,0.000000000,0,0.000000000,0,0.000000000
PGR91,26,PGR91_7b,0,0.000000000,0,0.000000000,0,0.000000000
PGR91,35,PGR91_IL,0,0.000000000,0,0.000000000,0,0.000000000
PGR91,36,PGR91_LIP,0,0.000000000,0,0.000000000,0,0.000000000
PGR91,37,PGR91_MFc,0,0.000000000,0,0.000000000,0,0.000000000
PGR91,38,PGR91_MFr,0,0.000000000,0,0.000000000,0,0.000000000
PGR91,40,PGR91_PL,0,0.000000000,0,0.000000000,0,0.000000000
PGR91,43,PGR91_VIP,0,0.000000000,0,0.000000000,0,0.000000000
LANDMARK,0,,3351,0.926970954,1830,0.506224066,1521,0.420746888
LANDMARK,11,LANDMARK_LVE00_V2v,55,0.015214385,16,0.004426003,39,0.010788382
LANDMARK,5,LANDMARK_LVE00_8Ac,33,0.009128631,19,0.005255878,14,0.003872752
LANDMARK,9,LANDMARK_LVE00_V1,31,0.008575380,7,0.001936376,24,0.006639004
LANDMARK,12,LANDMARK_MT,31,0.008575380,21,0.005809129,10,0.002766252
LANDMARK,3,LANDMARK_LVE00_3b,29,0.008022130,10,0.002766252,19,0.005255878
LANDMARK,10,LANDMARK_LVE00_V2d,26,0.007192254,6,0.001659751,20,0.005532503
LANDMARK,7,LANDMARK_LVE00_A1,25,0.006915629,14,0.003872752,11,0.003042877
LANDMARK,6,LANDMARK_LVE00_8As,14,0.003872752,2,0.000553250,12,0.003319502
LANDMARK,4,LANDMARK_LVE00_4,12,0.003319502,0,0.000000000,12,0.003319502
LANDMARK,2,LANDMARK_LVE00_3a,3,0.000829876,0,0.000000000,3,0.000829876
LANDMARK,15,LANDMARK_OrbitoFrontal_13b,3,0.000829876,1,0.000276625,2,0.000553250
LANDMARK,1,LANDMARK_Hippocampus,1,0.000276625,1,0.000276625,0,0.000000000
LANDMARK,21,LANDMARK_OrbitoFrontal_Iai,1,0.000276625,1,0.000276625,0,0.000000000
LANDMARK,8,LANDMARK_LVE00_G,0,0.000000000,0,0.000000000,0,0.000000000
LANDMARK,13,LANDMARK_OrbitoFrontal_11l,0,0.000000000,0,0.000000000,0,0.000000000
LANDMARK,14,LANDMARK_OrbitoFrontal_11m,0,0.000000000,0,0.000000000,0,0.000000000
LANDMARK,16,LANDMARK_OrbitoFrontal_13l,0,0.000000000,0,0.000000000,0,0.000000000
LANDMARK,17,LANDMARK_OrbitoFrontal_13m,0,0.000000000,0,0.000000000,0,0.000000000
LANDMARK,18,LANDMARK_OrbitoFrontal_14c,0,0.000000000,0,0.000000000,0,0.000000000
LANDMARK,19,LANDMARK_OrbitoFrontal_25,0,0.000000000,0,0.000000000,0,0.000000000
LANDMARK,20,LANDMARK_OrbitoFrontal_32,0,0.000000000,0,0.000000000,0,0.000000000
LANDMARK,22,LANDMARK_OrbitoFrontal_Ial,0,0.000000000,0,0.000000000,0,0.000000000
LANDMARK,23,LANDMARK_OrbitoFrontal_Iam,0,0.000000000,0,0.000000000,0,0.000000000
LANDMARK,24,LANDMARK_V1d,0,0.000000000,0,0.000000000,0,0.000000000
LANDMARK,25,LANDMARK_V1v,0,0.000000000,0,0.000000000,0,0.000000000
LANDMARK,26,LANDMARK_V2d,0,0.000000000,0,0.000000000,0,0.000000000
LANDMARK,27,LANDMARK_V2v,0,0.000000000,0,0.000000000,0,0.000000000
LyonKaas,0,,3427,0.947994467,1866,0.516182573,1561,0.431811895
LyonKaas,6,LyonKaas02_V2v,41,0.011341632,13,0.003596127,28,0.007745505
LyonKaas,4,LyonKaas02_V1,32,0.008852006,5,0.001383126,27,0.007468880
LyonKaas,3,LyonKaas02_PIP,22,0.006085754,7,0.001936376,15,0.004149378
LyonKaas,5,LyonKaas02_V2d,22,0.006085754,5,0.001383126,17,0.004702628
LyonKaas,1,LyonKaas02_MT,18,0.004979253,12,0.003319502,6,0.001659751
LyonKaas,10,LyonKaas02_V4d,16,0.004426003,7,0.001936376,9,0.002489627
LyonKaas,2,LyonKaas02_MTc,13,0.003596127,6,0.001659751,7,0.001936376
LyonKaas,8,LyonKaas02_V3d,13,0.003596127,5,0.001383126,8,0.002213001
LyonKaas,9,LyonKaas02_V3v,7,0.001936376,0,0.000000000,7,0.001936376
LyonKaas,11,LyonKaas02_V4v,4,0.001106501,2,0.000553250,2,0.000553250
LyonKaas,7,LyonKaas02_V3a,0,0.000000000,0,0.000000000,0,0.000000000
BRL87,0,,3092,0.855325035,1598,0.442047026,1494,0.413278008
BRL87,1,BRL87_IPa,435,0.120331950,270,0.074688797,165,0.045643154
BRL87,4,BRL87_TE1,88,0.024343015,60,0.016597510,28,0.007745505
BRL87,2,BRL87_PGa,0,0.000000000,0,0.000000000,0,0.000000000
BRL87,3,BRL87_TAa,0,0.000000000,0,0.000000000,0,0.000000000
BRL87,5,BRL87_TE2,0,0.000000000,0,0.000000000,0,0.000000000
BRL87,6,BRL87_TE3,0,0.000000000,0,0.000000000,0,0.000000000
BRL87,7,BRL87_TEa,0,0.000000000,0,0.000000000,0,0.000000000
BRL87,8,BRL87_TEm,0,0.000000000,0,0.000000000,0,0.000000000
BRL87,9,BRL87_TPO,0,0.000000000,0,0.000000000,0,0.000000000
SP78,0,,2977,0.823513140,1543,0.426832642,1434,0.396680498
SP78,4,SP78_IPa,462,0.127800830,280,0.077455048,182,0.050345781
SP78,8,SP78_TE1,85,0.023513140,63,0.017427386,22,0.006085754
SP78,5,SP78_OAa,58,0.016044260,33,0.009128631,25,0.006915629
SP78,14,SP80_86_IPd,21,0.005809129,5,0.001383126,16,0.004426003
SP78,1,Galetti_EtAl_99_V3,6,0.001659751,1,0.000276625,5,0.001383126
SP78,2,Galetti_EtAl_99_V6,6,0.001659751,3,0.000829876,3,0.000829876
SP78,3,Galetti_EtAl_99_V6A,0,0.000000000,0,0.000000000,0,0.000000000
SP78,6,SP78_PGa,0,0.000000000,0,0.000000000,0,0.000000000
SP78,7,SP78_TAa,0,0.000000000,0,0.000000000,0,0.000000000
SP78,9,SP78_TE2,0,0.000000000,0,0.000000000,0,0.000000000
SP78,10,SP78_TE3,0,0.000000000,0,0.000000000,0,0.000000000
SP78,11,SP78_TEa,0,0.000000000,0,0.000000000,0,0.000000000
SP78,12,SP78_TEm,0,0.000000000,0,0.000000000,0,0.000000000
SP78,13,SP78_TPO,0,0.000000000,0,0.000000000,0,0.000000000
SP78,15,SP80_86_POae,0,0.000000000,0,0.000000000,0,0.000000000
SP78,16,SP80_86_POai,0,0.000000000,0,0.000000000,0,0.000000000
